Date,4 WEEKS BANK DISCOUNT,4 WEEKS COUPON EQUIVALENT,8 WEEKS BANK DISCOUNT,8 WEEKS COUPON EQUIVALENT,13 WEEKS BANK DISCOUNT,13 WEEKS COUPON EQUIVALENT,26 WEEKS BANK DISCOUNT,26 WEEKS COUPON EQUIVALENT,52 WEEKS BANK DISCOUNT,52 WEEKS COUPON EQUIVALENT,Id
4/25/2023,3.92,4,4.83,4.95,4.97,5.12,4.78,4.98,4.39,4.61,1
4/24/2023,3.4,3.47,4.85,4.97,5.04,5.19,4.85,5.05,4.53,4.77,2
4/21/2023,3.29,3.35,4.79,4.91,4.98,5.12,4.87,5.07,4.54,4.78,3
4/20/2023,3.32,3.38,4.87,4.99,4.97,5.12,4.85,5.05,4.53,4.77,4
4/19/2023,3.68,3.75,4.79,4.91,5.01,5.16,4.89,5.1,4.59,4.84,5
4/18/2023,3.69,3.76,4.79,4.91,5.04,5.19,4.88,5.09,4.57,4.81,6
4/17/2023,3.95,4.03,4.81,4.93,5.06,5.21,4.86,5.07,4.61,4.85,7
4/14/2023,4.18,4.26,4.79,4.91,4.98,5.12,4.83,5.03,4.59,4.82,8
4/13/2023,3.98,4.06,4.79,4.91,4.95,5.1,4.75,4.95,4.48,4.71,9
4/12/2023,4.04,4.12,4.68,4.79,4.87,5.01,4.78,4.98,4.46,4.68,10
4/11/2023,4.09,4.17,4.68,4.79,4.89,5.03,4.79,4.99,4.48,4.71,11
4/10/2023,4.39,4.48,4.69,4.8,4.94,5.09,4.78,4.98,4.46,4.69,12
4/7/2023,4.43,4.52,4.73,4.84,4.81,4.95,4.75,4.95,4.42,4.64,13
4/6/2023,4.44,4.53,4.69,4.8,4.77,4.91,4.74,4.94,4.35,4.57,14
4/5/2023,4.48,4.57,4.61,4.72,4.72,4.86,4.63,4.82,4.25,4.46,15
4/4/2023,4.52,4.61,4.65,4.76,4.74,4.88,4.61,4.8,4.31,4.53,16
4/3/2023,4.56,4.65,4.64,4.75,4.77,4.91,4.69,4.88,4.39,4.61,17
3/31/2023,4.6,4.69,4.65,4.76,4.68,4.81,4.72,4.91,4.43,4.66,18
3/30/2023,4.6,4.69,4.64,4.75,4.8,4.94,4.7,4.89,4.41,4.64,19
3/29/2023,4.2,4.28,4.29,4.39,4.64,4.77,4.7,4.89,4.38,4.6,20
3/28/2023,4.1,4.18,4.2,4.3,4.64,4.77,4.68,4.87,4.34,4.56,21
3/27/2023,4.07,4.15,4.29,4.39,4.75,4.89,4.65,4.84,4.3,4.52,22
3/24/2023,4.15,4.23,4.35,4.45,4.57,4.7,4.56,4.74,4.12,4.32,23
3/23/2023,4.13,4.21,4.36,4.46,4.57,4.7,4.59,4.78,4.18,4.39,24
3/22/2023,3.98,4.06,4.36,4.46,4.63,4.76,4.73,4.93,4.34,4.56,25
3/21/2023,3.91,3.99,4.31,4.41,4.62,4.75,4.74,4.94,4.44,4.67,26
3/20/2023,4.19,4.27,4.4,4.5,4.65,4.78,4.58,4.77,4.2,4.39,27
3/17/2023,4.18,4.26,4.39,4.49,4.36,4.48,4.51,4.69,4.12,4.3,28
3/16/2023,3.93,4.01,4.49,4.6,4.57,4.7,4.72,4.92,4.32,4.52,29
3/15/2023,4.06,4.14,4.38,4.48,4.59,4.72,4.53,4.71,4.04,4.22,30
3/14/2023,4.27,4.36,4.61,4.72,4.71,4.85,4.71,4.91,4.27,4.47,31
3/13/2023,4.45,4.54,4.66,4.77,4.7,4.84,4.59,4.78,4.13,4.32,32
3/10/2023,4.64,4.73,4.76,4.88,4.83,4.97,4.93,5.14,4.68,4.91,33
3/9/2023,4.66,4.75,4.81,4.93,4.87,5.01,5.07,5.29,4.93,5.19,34
3/8/2023,4.59,4.68,4.71,4.82,4.89,5.03,5.09,5.31,4.99,5.25,35
3/7/2023,4.63,4.72,4.71,4.82,4.87,5.01,5.07,5.29,4.96,5.22,36
3/6/2023,4.59,4.68,4.64,4.75,4.76,4.9,4.98,5.19,4.81,5.06,37
3/3/2023,4.59,4.68,4.65,4.76,4.74,4.87,4.94,5.15,4.79,5.03,38
3/2/2023,4.59,4.68,4.67,4.78,4.74,4.88,4.94,5.15,4.8,5.05,39
3/1/2023,4.52,4.6,4.63,4.73,4.73,4.87,4.96,5.17,4.81,5.06,40
2/28/2023,4.52,4.6,4.64,4.74,4.72,4.86,4.93,5.14,4.78,5.03,41
2/27/2023,4.54,4.62,4.66,4.76,4.74,4.88,4.94,5.15,4.79,5.04,42
2/24/2023,4.55,4.63,4.67,4.77,4.72,4.84,4.91,5.1,4.8,5.05,43
2/23/2023,4.53,4.61,4.67,4.77,4.71,4.83,4.9,5.09,4.78,5.03,44
2/22/2023,4.49,4.57,4.64,4.74,4.71,4.83,4.93,5.13,4.82,5.07,45
2/21/2023,4.5,4.58,4.66,4.76,4.72,4.84,4.92,5.12,4.82,5.07,46
2/17/2023,4.51,4.59,4.65,4.75,4.7,4.82,4.84,5.03,4.78,5.02,47
2/16/2023,4.53,4.61,4.65,4.75,4.7,4.82,4.83,5.02,4.77,5.01,48
2/15/2023,4.51,4.59,4.62,4.72,4.66,4.78,4.82,5.01,4.74,4.98,49
2/14/2023,4.5,4.58,4.62,4.72,4.67,4.79,4.83,5.02,4.76,5,50
2/13/2023,4.53,4.61,4.62,4.72,4.68,4.8,4.84,5.03,4.69,4.92,51
2/10/2023,4.53,4.61,4.61,4.71,4.66,4.78,4.75,4.93,4.66,4.89,52
2/9/2023,4.53,4.61,4.61,4.71,4.64,4.76,4.76,4.94,4.66,4.89,53
2/8/2023,4.51,4.59,4.53,4.62,4.59,4.71,4.74,4.92,4.64,4.87,54
2/7/2023,4.49,4.57,4.52,4.61,4.59,4.71,4.75,4.93,4.66,4.89,55
2/6/2023,4.49,4.57,4.51,4.6,4.59,4.71,4.75,4.93,4.63,4.86,56
2/3/2023,4.48,4.56,4.51,4.6,4.57,4.69,4.68,4.86,4.57,4.8,57
2/2/2023,4.49,4.57,4.5,4.59,4.53,4.65,4.62,4.8,4.43,4.64,58
2/1/2023,4.46,4.54,4.5,4.59,4.54,4.66,4.65,4.83,4.45,4.67,59
1/31/2023,4.45,4.53,4.51,4.6,4.58,4.7,4.67,4.85,4.47,4.69,60
1/30/2023,4.47,4.55,4.51,4.6,4.59,4.71,4.68,4.86,4.49,4.71,61
1/27/2023,4.48,4.56,4.51,4.6,4.57,4.69,4.67,4.85,4.46,4.68,62
1/26/2023,4.49,4.57,4.53,4.63,4.55,4.67,4.66,4.84,4.46,4.68,63
1/25/2023,4.47,4.55,4.52,4.61,4.56,4.68,4.65,4.83,4.45,4.67,64
1/24/2023,4.49,4.57,4.54,4.64,4.57,4.69,4.7,4.88,4.47,4.69,65
1/23/2023,4.49,4.57,4.52,4.62,4.58,4.7,4.68,4.86,4.51,4.72,66
1/20/2023,4.48,4.56,4.51,4.6,4.57,4.69,4.66,4.84,4.49,4.7,67
1/19/2023,4.49,4.57,4.53,4.63,4.55,4.67,4.65,4.83,4.47,4.68,68
1/18/2023,4.39,4.47,4.49,4.58,4.54,4.66,4.65,4.83,4.45,4.66,69
1/17/2023,4.4,4.48,4.5,4.59,4.56,4.68,4.68,4.86,4.47,4.68,70
1/13/2023,4.38,4.46,4.46,4.55,4.51,4.62,4.64,4.81,4.48,4.69,71
1/12/2023,4.37,4.45,4.47,4.56,4.5,4.61,4.62,4.8,4.46,4.67,72
1/11/2023,4.2,4.27,4.48,4.57,4.57,4.69,4.7,4.88,4.53,4.75,73
1/10/2023,4.2,4.27,4.47,4.56,4.57,4.69,4.71,4.89,4.53,4.75,74
1/9/2023,4.17,4.24,4.44,4.53,4.55,4.67,4.69,4.87,4.48,4.7,75
1/6/2023,4.14,4.21,4.43,4.52,4.51,4.62,4.65,4.83,4.5,4.72,76
1/5/2023,4.12,4.19,4.44,4.53,4.51,4.62,4.68,4.86,4.56,4.79,77
1/4/2023,4,4.07,4.28,4.37,4.41,4.52,4.64,4.82,4.49,4.71,78
1/3/2023,3.96,4.03,4.29,4.38,4.4,4.51,4.63,4.81,4.5,4.72,79
12/30/2022,3.95,4.02,4.3,4.39,4.3,4.4,4.6,4.77,4.51,4.73,80
12/29/2022,3.88,3.95,4.28,4.37,4.34,4.45,4.57,4.74,4.48,4.7,81
12/28/2022,3.57,3.63,4.08,4.16,4.35,4.46,4.59,4.76,4.49,4.71,82
12/27/2022,3.62,3.68,4.09,4.17,4.35,4.46,4.6,4.77,4.52,4.75,83
12/23/2022,3.65,3.71,4.01,4.09,4.23,4.33,4.52,4.69,4.46,4.67,84
12/22/2022,3.65,3.71,4.02,4.1,4.24,4.34,4.51,4.68,4.45,4.66,85
12/21/2022,3.66,3.72,4.01,4.09,4.22,4.32,4.51,4.68,4.41,4.62,86
12/20/2022,3.69,3.75,4.02,4.1,4.25,4.36,4.55,4.72,4.44,4.65,87
12/19/2022,3.77,3.83,4.03,4.11,4.28,4.39,4.55,4.72,4.44,4.65,88
12/16/2022,3.78,3.84,4.03,4.11,4.2,4.3,4.52,4.69,4.41,4.62,89
12/15/2022,3.79,3.85,4.06,4.14,4.22,4.32,4.54,4.71,4.44,4.65,90
12/14/2022,3.73,3.79,3.93,4.01,4.23,4.34,4.52,4.69,4.44,4.65,91
12/13/2022,3.71,3.77,3.95,4.03,4.26,4.37,4.54,4.71,4.44,4.65,92
12/12/2022,3.68,3.74,3.97,4.05,4.29,4.4,4.62,4.8,4.54,4.76,93
12/9/2022,3.66,3.72,3.95,4.03,4.19,4.29,4.56,4.73,4.5,4.72,94
12/8/2022,3.61,3.67,3.94,4.02,4.17,4.27,4.55,4.72,4.49,4.71,95
12/7/2022,3.6,3.66,3.88,3.96,4.2,4.3,4.56,4.73,4.46,4.68,96
12/6/2022,3.68,3.74,3.98,4.06,4.27,4.38,4.58,4.75,4.51,4.73,97
12/5/2022,3.75,3.81,4.04,4.12,4.27,4.38,4.58,4.75,4.54,4.77,98
12/2/2022,3.75,3.81,4.06,4.14,4.22,4.32,4.5,4.67,4.47,4.69,99
12/1/2022,3.87,3.94,4.06,4.14,4.22,4.32,4.49,4.66,4.44,4.66,100
11/30/2022,3.91,3.98,4.05,4.13,4.27,4.38,4.54,4.71,4.52,4.75,101
11/29/2022,3.92,3.99,4.07,4.15,4.27,4.38,4.56,4.73,4.56,4.79,102
11/28/2022,3.96,4.03,4.09,4.17,4.3,4.41,4.57,4.74,4.55,4.77,103
11/25/2022,4.01,4.08,4.15,4.23,4.22,4.32,4.54,4.71,4.55,4.77,104
11/23/2022,3.97,4.04,4.11,4.19,4.21,4.31,4.55,4.72,4.54,4.76,105
11/22/2022,3.81,3.87,4.06,4.14,4.21,4.31,4.55,4.72,4.57,4.79,106
11/21/2022,3.82,3.88,4.04,4.12,4.23,4.33,4.53,4.7,4.54,4.76,107
11/18/2022,3.79,3.85,4.05,4.13,4.15,4.25,4.48,4.65,4.53,4.75,108
11/17/2022,3.8,3.86,4.03,4.11,4.13,4.23,4.44,4.6,4.47,4.69,109
11/16/2022,3.64,3.7,3.93,4.01,4.14,4.24,4.42,4.58,4.41,4.62,110
11/15/2022,3.62,3.68,3.88,3.96,4.14,4.24,4.41,4.57,4.4,4.61,111
11/14/2022,3.58,3.64,3.84,3.92,4.16,4.26,4.43,4.59,4.42,4.63,112
11/10/2022,3.58,3.64,3.84,3.92,4.09,4.19,4.4,4.56,4.38,4.59,113
11/9/2022,3.48,3.54,3.83,3.91,4.11,4.21,4.47,4.64,4.53,4.75,114
11/8/2022,3.51,3.57,3.82,3.9,4.1,4.2,4.48,4.65,4.55,4.78,115
11/7/2022,3.64,3.7,3.83,3.91,4.12,4.22,4.5,4.67,4.57,4.8,116
11/4/2022,3.6,3.66,3.83,3.91,4.02,4.12,4.43,4.59,4.54,4.77,117
11/3/2022,3.63,3.69,3.87,3.95,4.06,4.16,4.44,4.6,4.56,4.79,118
11/2/2022,3.53,3.59,3.82,3.9,4.04,4.14,4.45,4.62,4.53,4.76,119
11/1/2022,3.56,3.62,3.81,3.89,4.06,4.16,4.46,4.63,4.52,4.75,120
10/31/2022,3.57,3.63,3.82,3.9,4.06,4.16,4.45,4.62,4.46,4.67,121
10/28/2022,3.6,3.66,3.81,3.89,3.99,4.08,4.37,4.53,4.36,4.56,122
10/27/2022,3.61,3.67,3.81,3.89,3.95,4.04,4.3,4.46,4.31,4.51,123
10/26/2022,3.36,3.41,3.66,3.73,3.94,4.03,4.32,4.48,4.34,4.54,124
10/25/2022,3.4,3.46,3.62,3.69,3.97,4.07,4.36,4.52,4.4,4.61,125
10/24/2022,3.42,3.48,3.65,3.72,4,4.1,4.38,4.54,4.4,4.61,126
10/21/2022,3.42,3.48,3.64,3.71,3.9,3.99,4.29,4.44,4.38,4.59,127
10/20/2022,3.44,3.5,3.7,3.77,3.91,4,4.34,4.5,4.44,4.65,128
10/19/2022,3.13,3.18,3.52,3.59,3.91,4,4.31,4.47,4.39,4.6,129
10/18/2022,3.08,3.13,3.5,3.57,3.89,3.98,4.25,4.4,4.3,4.5,130
10/17/2022,3.16,3.21,3.49,3.56,3.82,3.91,4.25,4.4,4.29,4.49,131
10/14/2022,3.18,3.23,3.48,3.55,3.65,3.73,4.17,4.32,4.29,4.49,132
10/13/2022,3.23,3.28,3.48,3.55,3.64,3.72,4.16,4.31,4.26,4.46,133
10/12/2022,2.91,2.96,3.28,3.34,3.56,3.64,4.03,4.17,4.1,4.29,134
10/11/2022,2.92,2.97,3.27,3.33,3.53,3.61,4.05,4.19,4.09,4.28,135
10/7/2022,2.92,2.97,3.23,3.29,3.31,3.38,3.96,4.09,4.05,4.23,136
10/6/2022,2.94,2.99,3.23,3.29,3.32,3.39,3.91,4.04,4.01,4.19,137
10/5/2022,2.74,2.78,3.05,3.11,3.33,3.4,3.88,4.01,3.96,4.14,138
10/4/2022,2.77,2.81,3.07,3.13,3.32,3.39,3.87,4,3.98,4.16,139
10/3/2022,2.75,2.79,3.1,3.16,3.34,3.42,3.86,3.99,3.84,4,140
9/30/2022,2.7,2.74,3.07,3.13,3.22,3.29,3.82,3.95,3.87,4.03,141
9/29/2022,2.68,2.72,3.08,3.14,3.26,3.33,3.78,3.91,3.8,3.96,142
9/28/2022,2.5,2.54,2.96,3.01,3.29,3.36,3.78,3.91,3.81,3.97,143
9/27/2022,2.6,2.64,2.99,3.05,3.26,3.33,3.83,3.96,3.97,4.14,144
9/26/2022,2.64,2.68,2.99,3.05,3.3,3.37,3.87,4,3.98,4.15,145
9/23/2022,2.59,2.63,2.95,3,3.12,3.19,3.76,3.88,3.97,4.14,146
9/22/2022,2.65,2.69,2.98,3.04,3.19,3.26,3.78,3.91,3.9,4.07,147
9/21/2022,2.46,2.5,2.89,2.94,3.21,3.28,3.77,3.9,3.9,4.07,148
9/20/2022,2.47,2.51,2.88,2.93,3.26,3.33,3.77,3.9,3.87,4.04,149
9/19/2022,2.53,2.57,2.87,2.92,3.29,3.36,3.78,3.91,3.88,4.05,150
9/16/2022,2.6,2.64,2.89,2.94,3.1,3.17,3.68,3.8,3.8,3.96,151
9/15/2022,2.68,2.72,2.92,2.97,3.12,3.19,3.69,3.81,3.83,4,152
9/14/2022,2.43,2.47,2.78,2.83,3.14,3.21,3.68,3.8,3.79,3.95,153
9/13/2022,2.45,2.49,2.79,2.84,3.19,3.26,3.67,3.79,3.76,3.92,154
9/12/2022,2.54,2.58,2.79,2.84,3.09,3.16,3.48,3.59,3.55,3.7,155
9/9/2022,2.5,2.54,2.77,2.82,2.98,3.04,3.44,3.55,3.52,3.67,156
9/8/2022,2.5,2.54,2.76,2.81,2.97,3.03,3.37,3.48,3.46,3.6,157
9/7/2022,2.18,2.21,2.63,2.68,2.98,3.04,3.34,3.44,3.46,3.6,158
9/6/2022,2.34,2.38,2.68,2.73,2.96,3.02,3.33,3.43,3.47,3.61,159
9/2/2022,2.42,2.46,2.69,2.74,2.85,2.91,3.26,3.36,3.35,3.48,160
9/1/2022,2.46,2.5,2.7,2.75,2.88,2.94,3.27,3.37,3.38,3.51,161
8/31/2022,2.29,2.33,2.59,2.64,2.87,2.93,3.25,3.35,3.37,3.5,162
8/30/2022,2.32,2.36,2.61,2.66,2.88,2.94,3.25,3.35,3.34,3.47,163
8/29/2022,2.35,2.39,2.64,2.69,2.89,2.95,3.25,3.35,3.3,3.43,164
8/26/2022,2.31,2.35,2.6,2.65,2.78,2.84,3.14,3.23,3.24,3.36,165
8/25/2022,2.34,2.38,2.62,2.67,2.78,2.84,3.13,3.22,3.21,3.33,166
8/24/2022,2.17,2.2,2.5,2.54,2.73,2.79,3.15,3.25,3.23,3.35,167
8/23/2022,2.17,2.2,2.49,2.53,2.71,2.77,3.1,3.19,3.17,3.29,168
8/22/2022,2.18,2.21,2.49,2.53,2.74,2.8,3.11,3.2,3.2,3.32,169
8/19/2022,2.16,2.19,2.52,2.57,2.64,2.69,3.04,3.13,3.14,3.26,170
8/18/2022,2.16,2.19,2.49,2.53,2.61,2.66,3.01,3.1,3.12,3.24,171
8/17/2022,2.11,2.14,2.4,2.44,2.59,2.64,3.03,3.12,3.15,3.27,172
8/16/2022,2.16,2.19,2.41,2.45,2.61,2.66,3.01,3.1,3.14,3.26,173
8/15/2022,2.18,2.21,2.43,2.47,2.63,2.68,3.02,3.11,3.11,3.23,174
8/12/2022,2.16,2.19,2.42,2.46,2.53,2.58,3.01,3.1,3.14,3.26,175
8/11/2022,2.17,2.2,2.44,2.48,2.52,2.57,2.96,3.05,3.13,3.25,176
8/10/2022,2.15,2.18,2.33,2.37,2.56,2.61,3.01,3.1,3.14,3.26,177
8/9/2022,2.14,2.17,2.33,2.37,2.58,2.63,3.05,3.14,3.21,3.34,178
8/8/2022,2.14,2.17,2.33,2.37,2.57,2.62,3.04,3.13,3.18,3.3,179
8/5/2022,2.14,2.17,2.32,2.36,2.48,2.53,2.98,3.07,3.17,3.29,180
8/4/2022,2.12,2.15,2.29,2.33,2.41,2.46,2.87,2.95,3.01,3.12,181
8/3/2022,2.14,2.17,2.17,2.21,2.44,2.49,2.89,2.97,3.02,3.13,182
8/2/2022,2.15,2.18,2.22,2.26,2.48,2.53,2.89,2.97,2.98,3.09,183
8/1/2022,2.15,2.18,2.22,2.26,2.48,2.53,2.86,2.94,2.88,2.98,184
7/29/2022,2.16,2.19,2.2,2.24,2.34,2.39,2.81,2.89,2.88,2.98,185
7/28/2022,2.15,2.18,2.22,2.26,2.35,2.4,2.79,2.87,2.83,2.93,186
7/27/2022,2.09,2.12,2.19,2.23,2.37,2.42,2.83,2.91,2.9,3,187
7/26/2022,2.12,2.15,2.24,2.28,2.48,2.53,2.9,2.98,2.96,3.07,188
7/25/2022,2.1,2.13,2.19,2.23,2.55,2.6,2.95,3.04,2.97,3.08,189
7/22/2022,2.12,2.15,2.2,2.24,2.41,2.46,2.86,2.94,2.91,3.02,190
7/21/2022,2.12,2.15,2.22,2.26,2.4,2.45,2.88,2.96,3,3.11,191
7/20/2022,1.84,1.87,2.16,2.2,2.44,2.49,2.93,3.02,3.07,3.19,192
7/19/2022,1.87,1.9,2.17,2.21,2.46,2.51,2.95,3.04,3.07,3.19,193
7/18/2022,1.91,1.94,2.17,2.21,2.44,2.49,2.91,2.99,3.02,3.13,194
7/15/2022,1.95,1.98,2.18,2.22,2.29,2.33,2.83,2.91,3.01,3.12,195
7/14/2022,1.96,1.99,2.24,2.28,2.33,2.38,2.82,2.9,3.05,3.17,196
7/13/2022,1.68,1.71,2.07,2.11,2.33,2.38,2.85,2.93,3.09,3.21,197
7/12/2022,1.57,1.59,1.9,1.93,2.16,2.2,2.69,2.76,2.97,3.08,198
7/11/2022,1.53,1.55,1.85,1.88,2.13,2.17,2.7,2.78,2.85,2.95,199
7/8/2022,1.55,1.57,1.86,1.89,1.91,1.95,2.58,2.65,2.84,2.94,200
7/7/2022,1.53,1.55,1.84,1.87,1.89,1.93,2.54,2.61,2.76,2.85,201
7/6/2022,1.29,1.31,1.61,1.64,1.85,1.88,2.53,2.6,2.71,2.8,202
7/5/2022,1.27,1.29,1.63,1.66,1.86,1.89,2.5,2.57,2.68,2.77,203
7/1/2022,1.26,1.28,1.64,1.67,1.66,1.69,2.44,2.5,2.69,2.78,204
6/30/2022,1.26,1.28,1.64,1.67,1.66,1.69,2.44,2.5,2.7,2.79,205
6/29/2022,1.06,1.08,1.46,1.48,1.73,1.76,2.48,2.55,2.77,2.87,206
6/28/2022,1.07,1.09,1.52,1.54,1.75,1.78,2.48,2.55,2.77,2.87,207
6/27/2022,1.13,1.15,1.52,1.54,1.75,1.78,2.49,2.56,2.78,2.88,208
6/24/2022,1.18,1.2,1.57,1.6,1.66,1.69,2.43,2.49,2.73,2.82,209
6/23/2022,1.11,1.13,1.52,1.54,1.59,1.62,2.37,2.43,2.68,2.77,210
6/22/2022,0.92,0.93,1.36,1.38,1.57,1.6,2.34,2.4,2.7,2.79,211
6/21/2022,1.04,1.06,1.42,1.44,1.66,1.69,2.39,2.45,2.82,2.92,212
6/17/2022,1.13,1.15,1.47,1.49,1.58,1.61,2.17,2.22,2.77,2.87,213
6/16/2022,1.18,1.2,1.46,1.48,1.54,1.57,2.17,2.22,2.78,2.88,214
6/15/2022,1.16,1.18,1.49,1.51,1.69,1.72,2.25,2.31,2.83,2.93,215
6/14/2022,1.15,1.17,1.48,1.5,1.78,1.81,2.37,2.43,3.05,3.17,216
6/13/2022,1.11,1.13,1.4,1.42,1.69,1.72,2.2,2.26,2.73,2.82,217
6/10/2022,1.09,1.11,1.24,1.26,1.34,1.36,1.92,1.97,2.45,2.53,218
6/9/2022,1.04,1.06,1.16,1.18,1.26,1.28,1.76,1.8,2.23,2.3,219
6/8/2022,0.86,0.87,1.05,1.07,1.25,1.27,1.73,1.77,2.18,2.25,220
6/7/2022,0.85,0.86,1.03,1.05,1.24,1.26,1.71,1.75,2.15,2.21,221
6/6/2022,0.87,0.88,1.04,1.06,1.23,1.25,1.7,1.74,2.14,2.2,222
6/3/2022,0.86,0.87,1.03,1.05,1.17,1.19,1.63,1.67,2.1,2.16,223
6/2/2022,0.84,0.85,1.04,1.06,1.13,1.15,1.6,1.64,2.07,2.13,224
6/1/2022,0.75,0.76,0.85,0.86,1.12,1.14,1.59,1.63,2.08,2.14,225
5/31/2022,0.71,0.72,0.84,0.85,1.13,1.15,1.6,1.64,2,2.06,226
5/27/2022,0.68,0.69,0.9,0.91,1.06,1.08,1.49,1.52,1.94,2,227
5/26/2022,0.7,0.71,0.89,0.9,1.06,1.08,1.48,1.51,1.93,1.99,228
5/25/2022,0.52,0.53,0.83,0.84,1.05,1.07,1.48,1.51,1.94,2,229
5/24/2022,0.51,0.52,0.84,0.85,1.05,1.07,1.49,1.52,1.95,2.01,230
5/23/2022,0.52,0.53,0.87,0.88,1.07,1.09,1.53,1.56,2.02,2.08,231
5/20/2022,0.62,0.63,0.86,0.87,1.01,1.03,1.46,1.49,2.01,2.07,232
5/19/2022,0.65,0.66,0.9,0.91,1.04,1.06,1.47,1.5,2.05,2.11,233
5/18/2022,0.5,0.51,0.8,0.81,1.02,1.04,1.52,1.55,2.1,2.16,234
5/17/2022,0.58,0.59,0.81,0.82,1.06,1.08,1.52,1.55,2.02,2.08,235
5/16/2022,0.62,0.63,0.81,0.82,1.07,1.09,1.5,1.53,1.96,2.02,236
5/13/2022,0.66,0.67,0.78,0.79,1.01,1.03,1.42,1.45,1.92,1.97,237
5/12/2022,0.6,0.61,0.77,0.78,0.95,0.97,1.39,1.42,1.85,1.9,238
5/11/2022,0.56,0.57,0.74,0.75,0.9,0.91,1.39,1.42,1.88,1.93,239
5/10/2022,0.55,0.56,0.72,0.73,0.89,0.9,1.4,1.43,1.9,1.95,240
5/9/2022,0.49,0.5,0.7,0.71,0.92,0.93,1.39,1.42,1.89,1.94,241
5/6/2022,0.48,0.49,0.71,0.72,0.84,0.85,1.36,1.39,1.98,2.04,242
5/5/2022,0.49,0.5,0.7,0.71,0.84,0.85,1.33,1.36,1.98,2.04,243
5/4/2022,0.45,0.46,0.7,0.71,0.88,0.89,1.39,1.42,1.98,2.04,244
5/3/2022,0.44,0.45,0.73,0.74,0.9,0.91,1.41,1.44,2.07,2.13,245
5/2/2022,0.38,0.39,0.67,0.68,0.9,0.91,1.45,1.48,2.01,2.07,246
4/29/2022,0.37,0.38,0.71,0.72,0.83,0.84,1.37,1.4,2.02,2.08,247
4/28/2022,0.37,0.38,0.7,0.71,0.81,0.82,1.35,1.38,1.96,2.02,248
4/27/2022,0.35,0.35,0.58,0.59,0.82,0.83,1.36,1.39,1.91,1.96,249
4/26/2022,0.36,0.37,0.56,0.57,0.84,0.85,1.37,1.4,1.92,1.97,250
4/25/2022,0.39,0.4,0.57,0.58,0.93,0.95,1.4,1.43,1.96,2.02,251
4/22/2022,0.46,0.47,0.63,0.64,0.82,0.83,1.3,1.33,2,2.06,252
4/21/2022,0.5,0.51,0.64,0.65,0.82,0.83,1.29,1.32,1.96,2.02,253
4/20/2022,0.33,0.33,0.5,0.51,0.82,0.83,1.26,1.29,1.88,1.93,254
4/19/2022,0.35,0.35,0.54,0.55,0.82,0.83,1.26,1.29,1.89,1.94,255
4/18/2022,0.37,0.38,0.57,0.58,0.82,0.83,1.25,1.28,1.72,1.77,256
4/14/2022,0.37,0.38,0.57,0.58,0.78,0.79,1.22,1.24,1.73,1.78,257
4/13/2022,0.23,0.23,0.47,0.48,0.75,0.76,1.17,1.19,1.67,1.71,258
4/12/2022,0.19,0.19,0.47,0.48,0.74,0.75,1.18,1.2,1.67,1.71,259
4/11/2022,0.21,0.21,0.5,0.51,0.78,0.79,1.22,1.24,1.75,1.8,260
4/8/2022,0.2,0.2,0.47,0.48,0.69,0.7,1.16,1.18,1.72,1.77,261
4/7/2022,0.21,0.21,0.49,0.5,0.68,0.69,1.12,1.14,1.69,1.73,262
4/6/2022,0.19,0.19,0.39,0.4,0.67,0.68,1.13,1.15,1.71,1.76,263
4/5/2022,0.17,0.17,0.38,0.39,0.65,0.66,1.11,1.13,1.69,1.73,264
4/4/2022,0.17,0.17,0.38,0.39,0.67,0.68,1.12,1.14,1.65,1.69,265
4/1/2022,0.15,0.15,0.36,0.37,0.52,0.53,1.05,1.07,1.65,1.69,266
3/31/2022,0.17,0.17,0.35,0.36,0.51,0.52,1.02,1.04,1.57,1.61,267
3/30/2022,0.13,0.13,0.29,0.29,0.55,0.56,1.01,1.03,1.58,1.62,268
3/29/2022,0.17,0.17,0.31,0.31,0.56,0.57,1.03,1.05,1.62,1.66,269
3/28/2022,0.18,0.18,0.33,0.33,0.6,0.61,1.06,1.08,1.63,1.67,270
3/25/2022,0.17,0.17,0.31,0.31,0.53,0.54,0.98,1,1.62,1.66,271
3/24/2022,0.16,0.16,0.31,0.31,0.5,0.51,0.93,0.95,1.51,1.55,272
3/23/2022,0.14,0.14,0.23,0.23,0.5,0.51,0.9,0.92,1.49,1.53,273
3/22/2022,0.2,0.2,0.27,0.27,0.51,0.52,0.94,0.96,1.56,1.6,274
3/21/2022,0.21,0.21,0.31,0.31,0.55,0.56,0.93,0.95,1.28,1.31,275
3/18/2022,0.19,0.19,0.28,0.28,0.41,0.42,0.8,0.81,1.19,1.22,276
3/17/2022,0.2,0.2,0.3,0.3,0.4,0.41,0.79,0.8,1.2,1.23,277
3/16/2022,0.23,0.23,0.28,0.28,0.43,0.44,0.84,0.86,1.26,1.29,278
3/15/2022,0.21,0.21,0.29,0.29,0.46,0.47,0.84,0.86,1.19,1.22,279
3/14/2022,0.22,0.22,0.3,0.3,0.45,0.46,0.84,0.86,1.2,1.23,280
3/11/2022,0.17,0.17,0.28,0.28,0.39,0.4,0.75,0.76,1.15,1.18,281
3/10/2022,0.19,0.19,0.28,0.28,0.38,0.39,0.73,0.74,1.13,1.16,282
3/9/2022,0.17,0.17,0.23,0.23,0.38,0.39,0.73,0.74,1.1,1.12,283
3/8/2022,0.15,0.15,0.22,0.22,0.36,0.37,0.7,0.71,1.07,1.09,284
3/7/2022,0.17,0.17,0.21,0.21,0.38,0.39,0.73,0.74,1.03,1.05,285
3/4/2022,0.15,0.15,0.21,0.21,0.33,0.33,0.66,0.67,1.02,1.04,286
3/3/2022,0.19,0.19,0.25,0.25,0.37,0.38,0.67,0.68,1.05,1.07,287
3/2/2022,0.12,0.12,0.21,0.21,0.33,0.33,0.66,0.67,1.03,1.05,288
3/1/2022,0.1,0.1,0.19,0.19,0.32,0.32,0.59,0.6,0.88,0.9,289
2/28/2022,0.06,0.06,0.19,0.19,0.37,0.38,0.68,0.69,0.98,1,290
2/25/2022,0.03,0.03,0.2,0.2,0.33,0.33,0.71,0.72,1.11,1.13,291
2/24/2022,0.05,0.05,0.19,0.19,0.33,0.33,0.64,0.65,1.06,1.08,292
2/23/2022,0.02,0.02,0.18,0.18,0.36,0.37,0.74,0.75,1.14,1.17,293
2/22/2022,0.03,0.03,0.18,0.18,0.39,0.4,0.74,0.75,1.15,1.18,294
2/18/2022,0.03,0.03,0.2,0.2,0.35,0.36,0.65,0.66,0.97,0.99,295
2/17/2022,0.06,0.06,0.24,0.24,0.37,0.38,0.65,0.66,0.99,1.01,296
2/16/2022,0.03,0.03,0.14,0.14,0.39,0.4,0.67,0.68,1.04,1.06,297
2/15/2022,0.02,0.02,0.17,0.17,0.41,0.42,0.72,0.73,1.05,1.07,298
2/14/2022,0.03,0.03,0.24,0.24,0.45,0.46,0.77,0.78,1.08,1.1,299
2/11/2022,0.03,0.03,0.23,0.23,0.37,0.38,0.7,0.71,1.03,1.05,300
2/10/2022,0.05,0.05,0.32,0.32,0.41,0.42,0.74,0.75,1.09,1.11,301
2/9/2022,0.03,0.03,0.13,0.13,0.27,0.27,0.57,0.58,0.87,0.89,302
2/8/2022,0.03,0.03,0.12,0.12,0.27,0.27,0.59,0.6,0.87,0.89,303
2/7/2022,0.03,0.03,0.13,0.13,0.28,0.28,0.59,0.6,0.85,0.87,304
2/4/2022,0.05,0.05,0.13,0.13,0.23,0.23,0.55,0.56,0.86,0.88,305
2/3/2022,0.03,0.03,0.16,0.16,0.21,0.21,0.48,0.49,0.75,0.76,306
2/2/2022,0.04,0.04,0.09,0.09,0.2,0.2,0.45,0.46,0.74,0.75,307
2/1/2022,0.04,0.04,0.09,0.09,0.2,0.2,0.48,0.49,0.76,0.77,308
1/31/2022,0.03,0.03,0.13,0.13,0.24,0.24,0.49,0.5,0.76,0.77,309
1/28/2022,0.04,0.04,0.11,0.11,0.19,0.19,0.43,0.44,0.74,0.75,310
1/27/2022,0.04,0.04,0.14,0.14,0.2,0.2,0.43,0.44,0.74,0.75,311
1/26/2022,0.05,0.05,0.1,0.1,0.19,0.19,0.4,0.41,0.69,0.7,312
1/25/2022,0.05,0.05,0.08,0.08,0.2,0.2,0.39,0.4,0.64,0.65,313
1/24/2022,0.05,0.05,0.09,0.09,0.2,0.2,0.39,0.4,0.55,0.56,314
1/21/2022,0.05,0.05,0.08,0.08,0.17,0.17,0.35,0.36,0.54,0.55,315
1/20/2022,0.05,0.05,0.09,0.09,0.18,0.18,0.36,0.37,0.56,0.57,316
1/19/2022,0.05,0.05,0.05,0.05,0.17,0.17,0.36,0.37,0.53,0.54,317
1/18/2022,0.05,0.05,0.06,0.06,0.17,0.17,0.37,0.38,0.55,0.56,318
1/14/2022,0.05,0.05,0.06,0.06,0.13,0.13,0.3,0.3,0.48,0.49,319
1/13/2022,0.05,0.05,0.05,0.05,0.12,0.12,0.28,0.28,0.45,0.46,320
1/12/2022,0.04,0.04,0.05,0.05,0.12,0.12,0.28,0.28,0.45,0.46,321
1/11/2022,0.04,0.04,0.05,0.05,0.12,0.12,0.28,0.28,0.44,0.45,322
1/10/2022,0.05,0.05,0.06,0.06,0.13,0.13,0.29,0.29,0.44,0.45,323
1/7/2022,0.05,0.05,0.06,0.06,0.1,0.1,0.24,0.24,0.41,0.42,324
1/6/2022,0.04,0.04,0.06,0.06,0.1,0.1,0.23,0.23,0.43,0.44,325
1/5/2022,0.05,0.05,0.05,0.05,0.09,0.09,0.23,0.23,0.4,0.41,326
1/4/2022,0.06,0.06,0.05,0.05,0.08,0.08,0.23,0.23,0.37,0.38,327
1/3/2022,0.05,0.05,0.06,0.06,0.09,0.09,0.22,0.22,0.39,0.4,328
12/31/2021,0.06,0.06,0.05,0.05,0.06,0.06,0.19,0.19,0.38,0.39,329
12/30/2021,0.06,0.06,0.06,0.06,0.05,0.05,0.19,0.19,0.37,0.38,330
12/29/2021,0.01,0.01,0.02,0.02,0.05,0.05,0.19,0.19,0.38,0.39,331
12/28/2021,0.03,0.03,0.04,0.04,0.06,0.06,0.2,0.2,0.38,0.39,332
12/27/2021,0.04,0.04,0.05,0.05,0.06,0.06,0.21,0.21,0.3,0.3,333
12/23/2021,0.04,0.04,0.05,0.05,0.08,0.08,0.18,0.18,0.28,0.28,334
12/22/2021,0.03,0.03,0.04,0.04,0.08,0.08,0.16,0.16,0.26,0.26,335
12/21/2021,0.03,0.03,0.04,0.04,0.07,0.07,0.16,0.16,0.26,0.26,336
12/20/2021,0.03,0.03,0.05,0.05,0.07,0.07,0.16,0.16,0.25,0.25,337
12/17/2021,0.03,0.03,0.04,0.04,0.05,0.05,0.13,0.13,0.25,0.25,338
12/16/2021,0.04,0.04,0.06,0.06,0.05,0.05,0.13,0.13,0.25,0.25,339
12/15/2021,0.03,0.03,0.05,0.05,0.06,0.06,0.13,0.13,0.27,0.27,340
12/14/2021,0.01,0.01,0.05,0.05,0.05,0.05,0.13,0.13,0.25,0.25,341
12/13/2021,0.01,0.01,0.05,0.05,0.05,0.05,0.11,0.11,0.25,0.25,342
12/10/2021,0.03,0.03,0.06,0.06,0.06,0.06,0.13,0.13,0.26,0.26,343
12/9/2021,0.03,0.03,0.06,0.06,0.06,0.06,0.12,0.12,0.26,0.26,344
12/8/2021,0.04,0.04,0.05,0.05,0.07,0.07,0.13,0.13,0.28,0.28,345
12/7/2021,0.05,0.05,0.06,0.06,0.06,0.06,0.15,0.15,0.3,0.3,346
12/6/2021,0.05,0.05,0.05,0.05,0.06,0.06,0.13,0.13,0.27,0.27,347
12/3/2021,0.04,0.04,0.05,0.05,0.06,0.06,0.09,0.09,0.25,0.25,348
12/2/2021,0.05,0.05,0.05,0.05,0.05,0.05,0.09,0.09,0.26,0.26,349
12/1/2021,0.1,0.1,0.04,0.04,0.06,0.06,0.1,0.1,0.25,0.25,350
11/30/2021,0.11,0.11,0.05,0.05,0.05,0.05,0.1,0.1,0.24,0.24,351
11/29/2021,0.07,0.07,0.04,0.04,0.06,0.06,0.1,0.1,0.19,0.19,352
11/26/2021,0.11,0.11,0.04,0.04,0.06,0.06,0.1,0.1,0.18,0.18,353
11/24/2021,0.14,0.14,0.05,0.05,0.06,0.06,0.1,0.1,0.22,0.22,354
11/23/2021,0.06,0.06,0.04,0.04,0.06,0.06,0.07,0.07,0.19,0.19,355
11/22/2021,0.07,0.07,0.03,0.03,0.05,0.05,0.07,0.07,0.18,0.18,356
11/19/2021,0.11,0.11,0.04,0.04,0.05,0.05,0.06,0.06,0.16,0.16,357
11/18/2021,0.12,0.12,0.05,0.05,0.05,0.05,0.06,0.06,0.16,0.16,358
11/17/2021,0.06,0.06,0.05,0.05,0.05,0.05,0.06,0.06,0.16,0.16,359
11/16/2021,0.06,0.06,0.06,0.06,0.05,0.05,0.07,0.07,0.16,0.16,360
11/15/2021,0.06,0.06,0.06,0.06,0.05,0.05,0.06,0.06,0.17,0.17,361
11/12/2021,0.05,0.05,0.05,0.05,0.05,0.05,0.07,0.07,0.16,0.16,362
11/10/2021,0.06,0.06,0.06,0.06,0.05,0.05,0.07,0.07,0.16,0.16,363
11/9/2021,0.04,0.04,0.05,0.05,0.04,0.04,0.06,0.06,0.13,0.13,364
11/8/2021,0.04,0.04,0.06,0.06,0.06,0.06,0.07,0.07,0.15,0.15,365
11/5/2021,0.05,0.05,0.06,0.06,0.05,0.05,0.07,0.07,0.14,0.14,366
11/4/2021,0.05,0.05,0.05,0.05,0.04,0.04,0.07,0.07,0.14,0.14,367
11/3/2021,0.05,0.05,0.07,0.07,0.05,0.05,0.07,0.07,0.17,0.17,368
11/2/2021,0.05,0.05,0.06,0.06,0.05,0.05,0.07,0.07,0.15,0.15,369
11/1/2021,0.05,0.05,0.09,0.09,0.05,0.05,0.06,0.06,0.13,0.13,370
10/29/2021,0.06,0.06,0.08,0.08,0.05,0.05,0.07,0.07,0.13,0.13,371
10/28/2021,0.06,0.06,0.1,0.1,0.06,0.06,0.06,0.06,0.13,0.13,372
10/27/2021,0.06,0.06,0.07,0.07,0.06,0.06,0.07,0.07,0.11,0.11,373
10/26/2021,0.06,0.06,0.08,0.08,0.06,0.06,0.06,0.06,0.12,0.12,374
10/25/2021,0.06,0.06,0.1,0.1,0.06,0.06,0.06,0.06,0.12,0.12,375
10/22/2021,0.05,0.05,0.09,0.09,0.06,0.06,0.07,0.07,0.12,0.12,376
10/21/2021,0.06,0.06,0.08,0.08,0.06,0.06,0.06,0.06,0.11,0.11,377
10/20/2021,0.05,0.05,0.07,0.07,0.05,0.05,0.06,0.06,0.09,0.09,378
10/19/2021,0.05,0.05,0.09,0.09,0.05,0.05,0.06,0.06,0.1,0.1,379
10/18/2021,0.04,0.04,0.09,0.09,0.06,0.06,0.06,0.06,0.1,0.1,380
10/15/2021,0.04,0.04,0.08,0.08,0.05,0.05,0.06,0.06,0.11,0.11,381
10/14/2021,0.05,0.05,0.08,0.08,0.05,0.05,0.06,0.06,0.09,0.09,382
10/13/2021,0.02,0.02,0.06,0.06,0.05,0.05,0.06,0.06,0.1,0.1,383
10/12/2021,0.02,0.02,0.07,0.07,0.06,0.06,0.06,0.06,0.1,0.1,384
10/8/2021,0.02,0.02,0.07,0.07,0.05,0.05,0.07,0.07,0.09,0.09,385
10/7/2021,0.03,0.03,0.09,0.09,0.05,0.05,0.06,0.06,0.1,0.1,386
10/6/2021,0.06,0.06,0.04,0.04,0.04,0.04,0.06,0.06,0.1,0.1,387
10/5/2021,0.11,0.11,0.04,0.04,0.04,0.04,0.06,0.06,0.09,0.09,388
10/4/2021,0.1,0.1,0.04,0.04,0.04,0.04,0.06,0.06,0.08,0.08,389
10/1/2021,0.08,0.08,0.04,0.04,0.04,0.04,0.05,0.05,0.08,0.08,390
9/30/2021,0.07,0.07,0.05,0.05,0.04,0.04,0.05,0.05,0.08,0.08,391
9/29/2021,0.05,0.05,0.04,0.04,0.04,0.04,0.05,0.05,0.08,0.08,392
9/28/2021,0.07,0.07,0.04,0.04,0.04,0.04,0.06,0.06,0.08,0.08,393
9/27/2021,0.06,0.06,0.03,0.03,0.04,0.04,0.05,0.05,0.08,0.08,394
9/24/2021,0.06,0.06,0.04,0.04,0.03,0.03,0.05,0.05,0.07,0.07,395
9/23/2021,0.05,0.05,0.04,0.04,0.03,0.03,0.04,0.04,0.07,0.07,396
9/22/2021,0.04,0.04,0.04,0.04,0.03,0.03,0.05,0.05,0.08,0.08,397
9/21/2021,0.05,0.05,0.04,0.04,0.03,0.03,0.04,0.04,0.07,0.07,398
9/20/2021,0.06,0.06,0.05,0.05,0.04,0.04,0.05,0.05,0.07,0.07,399
9/17/2021,0.06,0.06,0.06,0.06,0.04,0.04,0.05,0.05,0.07,0.07,400
9/16/2021,0.06,0.06,0.06,0.06,0.04,0.04,0.05,0.05,0.07,0.07,401
9/15/2021,0.04,0.04,0.06,0.06,0.04,0.04,0.05,0.05,0.07,0.07,402
9/14/2021,0.05,0.05,0.06,0.06,0.04,0.04,0.05,0.05,0.07,0.07,403
9/13/2021,0.06,0.06,0.08,0.08,0.06,0.06,0.06,0.06,0.07,0.07,404
9/10/2021,0.06,0.06,0.06,0.06,0.05,0.05,0.06,0.06,0.08,0.08,405
9/9/2021,0.07,0.07,0.06,0.06,0.04,0.04,0.05,0.05,0.07,0.07,406
9/8/2021,0.05,0.05,0.06,0.06,0.05,0.05,0.06,0.06,0.08,0.08,407
9/7/2021,0.04,0.04,0.07,0.07,0.05,0.05,0.06,0.06,0.08,0.08,408
9/3/2021,0.04,0.04,0.07,0.07,0.05,0.05,0.05,0.05,0.07,0.07,409
9/2/2021,0.05,0.05,0.07,0.07,0.05,0.05,0.06,0.06,0.07,0.07,410
9/1/2021,0.04,0.04,0.06,0.06,0.05,0.05,0.06,0.06,0.07,0.07,411
8/31/2021,0.03,0.03,0.05,0.05,0.04,0.04,0.06,0.06,0.07,0.07,412
8/30/2021,0.04,0.04,0.07,0.07,0.05,0.05,0.05,0.05,0.07,0.07,413
8/27/2021,0.04,0.04,0.06,0.06,0.05,0.05,0.05,0.05,0.07,0.07,414
8/26/2021,0.04,0.04,0.06,0.06,0.05,0.05,0.06,0.06,0.06,0.06,415
8/25/2021,0.04,0.04,0.05,0.05,0.06,0.06,0.06,0.06,0.07,0.07,416
8/24/2021,0.03,0.03,0.05,0.05,0.05,0.05,0.05,0.05,0.06,0.06,417
8/23/2021,0.04,0.04,0.05,0.05,0.05,0.05,0.06,0.06,0.07,0.07,418
8/20/2021,0.04,0.04,0.05,0.05,0.05,0.05,0.05,0.05,0.06,0.06,419
8/19/2021,0.04,0.04,0.05,0.05,0.06,0.06,0.05,0.05,0.06,0.06,420
8/18/2021,0.03,0.03,0.05,0.05,0.07,0.07,0.05,0.05,0.07,0.07,421
8/17/2021,0.03,0.03,0.05,0.05,0.07,0.07,0.06,0.06,0.07,0.07,422
8/16/2021,0.04,0.04,0.05,0.05,0.06,0.06,0.05,0.05,0.08,0.08,423
8/13/2021,0.04,0.04,0.05,0.05,0.06,0.06,0.05,0.05,0.08,0.08,424
8/12/2021,0.05,0.05,0.06,0.06,0.06,0.06,0.06,0.06,0.09,0.09,425
8/11/2021,0.05,0.05,0.05,0.05,0.05,0.05,0.06,0.06,0.08,0.08,426
8/10/2021,0.05,0.05,0.05,0.05,0.05,0.05,0.05,0.05,0.08,0.08,427
8/9/2021,0.04,0.04,0.05,0.05,0.06,0.06,0.06,0.06,0.07,0.07,428
8/6/2021,0.04,0.04,0.05,0.05,0.06,0.06,0.06,0.06,0.08,0.08,429
8/5/2021,0.05,0.05,0.05,0.05,0.05,0.05,0.06,0.06,0.08,0.08,430
8/4/2021,0.05,0.05,0.05,0.05,0.05,0.05,0.05,0.05,0.07,0.07,431
8/3/2021,0.05,0.05,0.05,0.05,0.05,0.05,0.06,0.06,0.07,0.07,432
8/2/2021,0.05,0.05,0.05,0.05,0.05,0.05,0.06,0.06,0.07,0.07,433
7/30/2021,0.05,0.05,0.05,0.05,0.06,0.06,0.05,0.05,0.07,0.07,434
7/29/2021,0.05,0.05,0.05,0.05,0.06,0.06,0.05,0.05,0.07,0.07,435
7/28/2021,0.04,0.04,0.05,0.05,0.05,0.05,0.05,0.05,0.07,0.07,436
7/27/2021,0.04,0.04,0.05,0.05,0.05,0.05,0.05,0.05,0.07,0.07,437
7/26/2021,0.05,0.05,0.05,0.05,0.05,0.05,0.06,0.06,0.08,0.08,438
7/23/2021,0.05,0.05,0.05,0.05,0.05,0.05,0.05,0.05,0.07,0.07,439
7/22/2021,0.04,0.04,0.04,0.04,0.05,0.05,0.05,0.05,0.07,0.07,440
7/21/2021,0.04,0.04,0.04,0.04,0.05,0.05,0.05,0.05,0.07,0.07,441
7/20/2021,0.05,0.05,0.05,0.05,0.05,0.05,0.06,0.06,0.08,0.08,442
7/19/2021,0.05,0.05,0.05,0.05,0.05,0.05,0.06,0.06,0.07,0.07,443
7/16/2021,0.05,0.05,0.05,0.05,0.05,0.05,0.05,0.05,0.08,0.08,444
7/15/2021,0.05,0.05,0.05,0.05,0.05,0.05,0.05,0.05,0.07,0.07,445
7/14/2021,0.06,0.06,0.05,0.05,0.06,0.06,0.05,0.05,0.08,0.08,446
7/13/2021,0.05,0.05,0.05,0.05,0.05,0.05,0.06,0.06,0.08,0.08,447
7/12/2021,0.05,0.05,0.05,0.05,0.05,0.05,0.06,0.06,0.07,0.07,448
7/9/2021,0.06,0.06,0.05,0.05,0.06,0.06,0.05,0.05,0.07,0.07,449
7/8/2021,0.06,0.06,0.05,0.05,0.06,0.06,0.06,0.06,0.07,0.07,450
7/7/2021,0.05,0.05,0.05,0.05,0.05,0.05,0.05,0.05,0.07,0.07,451
7/6/2021,0.05,0.05,0.05,0.05,0.05,0.05,0.06,0.06,0.07,0.07,452
7/2/2021,0.05,0.05,0.05,0.05,0.05,0.05,0.05,0.05,0.07,0.07,453
7/1/2021,0.05,0.05,0.05,0.05,0.05,0.05,0.05,0.05,0.08,0.08,454
6/30/2021,0.05,0.05,0.05,0.05,0.05,0.05,0.06,0.06,0.07,0.07,455
6/29/2021,0.04,0.04,0.04,0.04,0.04,0.04,0.06,0.06,0.07,0.07,456
6/28/2021,0.04,0.04,0.05,0.05,0.05,0.05,0.06,0.06,0.08,0.08,457
6/25/2021,0.05,0.05,0.05,0.05,0.06,0.06,0.06,0.06,0.08,0.08,458
6/24/2021,0.05,0.05,0.05,0.05,0.05,0.05,0.05,0.05,0.08,0.08,459
6/23/2021,0.04,0.04,0.04,0.04,0.05,0.05,0.05,0.05,0.08,0.08,460
6/22/2021,0.04,0.04,0.05,0.05,0.04,0.04,0.06,0.06,0.09,0.09,461
6/21/2021,0.04,0.04,0.04,0.04,0.05,0.05,0.06,0.06,0.09,0.09,462
6/18/2021,0.05,0.05,0.05,0.05,0.05,0.05,0.06,0.06,0.09,0.09,463
6/17/2021,0.05,0.05,0.04,0.04,0.04,0.04,0.06,0.06,0.08,0.08,464
6/16/2021,0.04,0.04,0.04,0.04,0.04,0.04,0.06,0.06,0.08,0.08,465
6/15/2021,0.02,0.02,0.02,0.02,0.03,0.03,0.05,0.05,0.08,0.08,466
6/14/2021,0.01,0.01,0.02,0.02,0.03,0.03,0.05,0.05,0.05,0.05,467
6/11/2021,0.01,0.01,0.02,0.02,0.03,0.03,0.04,0.04,0.05,0.05,468
6/10/2021,0.01,0.01,0.02,0.02,0.03,0.03,0.04,0.04,0.05,0.05,469
6/9/2021,0.01,0.01,0.02,0.02,0.03,0.03,0.04,0.04,0.05,0.05,470
6/8/2021,0.01,0.01,0.02,0.02,0.02,0.02,0.04,0.04,0.05,0.05,471
6/7/2021,0.01,0.01,0.02,0.02,0.02,0.02,0.04,0.04,0.05,0.05,472
6/4/2021,0.01,0.01,0.02,0.02,0.02,0.02,0.04,0.04,0.05,0.05,473
6/3/2021,0,0,0.01,0.01,0.02,0.02,0.04,0.04,0.04,0.04,474
6/2/2021,0.01,0.01,0.01,0.01,0.02,0.02,0.04,0.04,0.05,0.05,475
6/1/2021,0.01,0.01,0.01,0.01,0.02,0.02,0.04,0.04,0.04,0.04,476
5/28/2021,0.01,0.01,0.01,0.01,0.01,0.01,0.03,0.03,0.05,0.05,477
5/27/2021,0,0,0.01,0.01,0.02,0.02,0.04,0.04,0.04,0.04,478
5/26/2021,0,0,0,0,0.02,0.02,0.04,0.04,0.04,0.04,479
5/25/2021,0.01,0.01,0.01,0.01,0.02,0.02,0.04,0.04,0.04,0.04,480
5/24/2021,0.01,0.01,0.01,0.01,0.02,0.02,0.03,0.03,0.04,0.04,481
5/21/2021,0,0,0.01,0.01,0.01,0.01,0.02,0.02,0.04,0.04,482
5/20/2021,0.01,0.01,0.01,0.01,0.01,0.01,0.03,0.03,0.05,0.05,483
5/19/2021,0,0,0.01,0.01,0.01,0.01,0.03,0.03,0.05,0.05,484
5/18/2021,0,0,0.01,0.01,0.02,0.02,0.03,0.03,0.06,0.06,485
5/17/2021,0,0,0.01,0.01,0.02,0.02,0.04,0.04,0.05,0.05,486
5/14/2021,0.01,0.01,0.01,0.01,0.01,0.01,0.03,0.03,0.05,0.05,487
5/13/2021,0,0,0.01,0.01,0.02,0.02,0.03,0.03,0.05,0.05,488
5/12/2021,0.01,0.01,0.02,0.02,0.02,0.02,0.04,0.04,0.05,0.05,489
5/11/2021,0.01,0.01,0.01,0.01,0.01,0.01,0.04,0.04,0.05,0.05,490
5/10/2021,0.02,0.02,0.01,0.01,0.02,0.02,0.04,0.04,0.05,0.05,491
5/7/2021,0.01,0.01,0.01,0.01,0.02,0.02,0.04,0.04,0.05,0.05,492
5/6/2021,0.01,0.01,0.02,0.02,0.02,0.02,0.04,0.04,0.05,0.05,493
5/5/2021,0.01,0.01,0.01,0.01,0.02,0.02,0.04,0.04,0.06,0.06,494
5/4/2021,0.01,0.01,0.01,0.01,0.02,0.02,0.04,0.04,0.06,0.06,495
5/3/2021,0.02,0.02,0.02,0.02,0.04,0.04,0.04,0.04,0.06,0.06,496
4/30/2021,0.01,0.01,0.02,0.02,0.01,0.01,0.03,0.03,0.05,0.05,497
4/29/2021,0.01,0.01,0.01,0.01,0.01,0.01,0.04,0.04,0.05,0.05,498
4/28/2021,0.01,0.01,0.01,0.01,0.01,0.01,0.04,0.04,0.05,0.05,499
4/27/2021,0.01,0.01,0.02,0.02,0.01,0.01,0.04,0.04,0.06,0.06,500
4/26/2021,0.02,0.02,0.02,0.02,0.03,0.03,0.04,0.04,0.06,0.06,501
4/23/2021,0.01,0.01,0.02,0.02,0.03,0.03,0.03,0.03,0.07,0.07,502
4/22/2021,0.02,0.02,0.02,0.02,0.03,0.03,0.04,0.04,0.06,0.06,503
4/21/2021,0,0,0.02,0.02,0.03,0.03,0.04,0.04,0.07,0.07,504
4/20/2021,0.01,0.01,0.02,0.02,0.03,0.03,0.04,0.04,0.07,0.07,505
4/19/2021,0.01,0.01,0.02,0.02,0.02,0.02,0.04,0.04,0.07,0.07,506
4/16/2021,0.02,0.02,0.02,0.02,0.02,0.02,0.04,0.04,0.06,0.06,507
4/15/2021,0.02,0.02,0.01,0.01,0.02,0.02,0.04,0.04,0.06,0.06,508
4/14/2021,0.02,0.02,0.02,0.02,0.02,0.02,0.04,0.04,0.06,0.06,509
4/13/2021,0.03,0.03,0.02,0.02,0.03,0.03,0.05,0.05,0.06,0.06,510
4/12/2021,0.02,0.02,0.02,0.02,0.02,0.02,0.04,0.04,0.06,0.06,511
4/9/2021,0.02,0.02,0.01,0.01,0.02,0.02,0.03,0.03,0.06,0.06,512
4/8/2021,0.02,0.02,0.02,0.02,0.01,0.01,0.04,0.04,0.05,0.05,513
4/7/2021,0.01,0.01,0.02,0.02,0.02,0.02,0.04,0.04,0.06,0.06,514
4/6/2021,0.02,0.02,0.02,0.02,0.02,0.02,0.04,0.04,0.06,0.06,515
4/5/2021,0.03,0.03,0.02,0.02,0.03,0.03,0.04,0.04,0.06,0.06,516
4/2/2021,0.02,0.02,0.02,0.02,0.02,0.02,0.04,0.04,0.07,0.07,517
4/1/2021,0.02,0.02,0.02,0.02,0.02,0.02,0.04,0.04,0.06,0.06,518
3/31/2021,0.01,0.01,0.01,0.01,0.03,0.03,0.05,0.05,0.07,0.07,519
3/30/2021,0.01,0.01,0.01,0.01,0.02,0.02,0.04,0.04,0.06,0.06,520
3/29/2021,0.02,0.02,0.03,0.03,0.03,0.03,0.04,0.04,0.06,0.06,521
3/26/2021,0.02,0.02,0.02,0.02,0.02,0.02,0.04,0.04,0.06,0.06,522
3/25/2021,0.02,0.02,0.03,0.03,0.02,0.02,0.04,0.04,0.07,0.07,523
3/24/2021,0.02,0.02,0.02,0.02,0.02,0.02,0.04,0.04,0.07,0.07,524
3/23/2021,0.02,0.02,0.02,0.02,0.01,0.01,0.04,0.04,0.08,0.08,525
3/22/2021,0.02,0.02,0.02,0.02,0.03,0.03,0.05,0.05,0.06,0.06,526
3/19/2021,0.01,0.01,0.01,0.01,0.01,0.01,0.03,0.03,0.06,0.06,527
3/18/2021,0.01,0.01,0.01,0.01,0.01,0.01,0.03,0.03,0.07,0.07,528
3/17/2021,0.01,0.01,0.02,0.02,0.02,0.02,0.05,0.05,0.07,0.07,529
3/16/2021,0.01,0.01,0.02,0.02,0.02,0.02,0.06,0.06,0.07,0.07,530
3/15/2021,0.02,0.02,0.02,0.02,0.04,0.04,0.06,0.06,0.08,0.08,531
3/12/2021,0.03,0.03,0.03,0.03,0.04,0.04,0.06,0.06,0.09,0.09,532
3/11/2021,0.04,0.04,0.04,0.04,0.04,0.04,0.05,0.05,0.08,0.08,533
3/10/2021,0.03,0.03,0.03,0.03,0.04,0.04,0.06,0.06,0.08,0.08,534
3/9/2021,0.04,0.04,0.04,0.04,0.05,0.05,0.07,0.07,0.1,0.1,535
3/8/2021,0.04,0.04,0.04,0.04,0.05,0.05,0.06,0.06,0.09,0.09,536
3/5/2021,0.04,0.04,0.04,0.04,0.04,0.04,0.07,0.07,0.08,0.08,537
3/4/2021,0.03,0.03,0.05,0.05,0.04,0.04,0.07,0.07,0.08,0.08,538
3/3/2021,0.04,0.04,0.04,0.04,0.05,0.05,0.07,0.07,0.08,0.08,539
3/2/2021,0.04,0.04,0.04,0.04,0.04,0.04,0.06,0.06,0.08,0.08,540
3/1/2021,0.03,0.03,0.03,0.03,0.05,0.05,0.07,0.07,0.08,0.08,541
2/26/2021,0.04,0.04,0.04,0.04,0.04,0.04,0.05,0.05,0.08,0.08,542
2/25/2021,0.04,0.04,0.03,0.03,0.04,0.04,0.06,0.06,0.09,0.09,543
2/24/2021,0.03,0.03,0.03,0.03,0.03,0.03,0.05,0.05,0.08,0.08,544
2/23/2021,0.03,0.03,0.02,0.02,0.04,0.04,0.05,0.05,0.08,0.08,545
2/22/2021,0.03,0.03,0.02,0.02,0.03,0.03,0.04,0.04,0.06,0.06,546
2/19/2021,0.03,0.03,0.03,0.03,0.04,0.04,0.06,0.06,0.07,0.07,547
2/18/2021,0.03,0.03,0.03,0.03,0.03,0.03,0.04,0.04,0.06,0.06,548
2/17/2021,0.03,0.03,0.04,0.04,0.04,0.04,0.06,0.06,0.07,0.07,549
2/16/2021,0.03,0.03,0.04,0.04,0.04,0.04,0.06,0.06,0.08,0.08,550
2/12/2021,0.03,0.03,0.04,0.04,0.04,0.04,0.05,0.05,0.06,0.06,551
2/11/2021,0.05,0.05,0.05,0.05,0.05,0.05,0.06,0.06,0.07,0.07,552
2/10/2021,0.05,0.05,0.04,0.04,0.05,0.05,0.06,0.06,0.07,0.07,553
2/9/2021,0.04,0.04,0.04,0.04,0.04,0.04,0.06,0.06,0.07,0.07,554
2/8/2021,0.04,0.04,0.03,0.03,0.05,0.05,0.05,0.05,0.07,0.07,555
2/5/2021,0.02,0.02,0.03,0.03,0.03,0.03,0.05,0.05,0.06,0.06,556
2/4/2021,0.03,0.03,0.04,0.04,0.04,0.04,0.06,0.06,0.07,0.07,557
2/3/2021,0.03,0.03,0.04,0.04,0.04,0.04,0.06,0.06,0.08,0.08,558
2/2/2021,0.04,0.04,0.05,0.05,0.07,0.07,0.08,0.08,0.08,0.08,559
2/1/2021,0.06,0.06,0.07,0.07,0.07,0.07,0.08,0.08,0.08,0.08,560
1/29/2021,0.07,0.07,0.07,0.07,0.06,0.06,0.07,0.07,0.1,0.1,561
1/28/2021,0.05,0.05,0.06,0.06,0.07,0.07,0.08,0.08,0.08,0.08,562
1/27/2021,0.05,0.05,0.06,0.06,0.08,0.08,0.09,0.09,0.09,0.09,563
1/26/2021,0.05,0.05,0.07,0.07,0.07,0.07,0.09,0.09,0.09,0.09,564
1/25/2021,0.07,0.07,0.08,0.08,0.09,0.09,0.09,0.09,0.1,0.1,565
1/22/2021,0.07,0.07,0.08,0.08,0.08,0.08,0.1,0.1,0.1,0.1,566
1/21/2021,0.07,0.07,0.09,0.09,0.09,0.09,0.09,0.09,0.1,0.1,567
1/20/2021,0.08,0.08,0.08,0.08,0.08,0.08,0.1,0.1,0.1,0.1,568
1/19/2021,0.07,0.07,0.09,0.09,0.09,0.09,0.11,0.11,0.1,0.1,569
1/15/2021,0.08,0.08,0.09,0.09,0.09,0.09,0.1,0.1,0.1,0.1,570
1/14/2021,0.09,0.09,0.09,0.09,0.09,0.09,0.09,0.09,0.1,0.1,571
1/13/2021,0.09,0.09,0.08,0.08,0.09,0.09,0.1,0.1,0.12,0.12,572
1/12/2021,0.09,0.09,0.08,0.08,0.09,0.09,0.09,0.09,0.11,0.11,573
1/11/2021,0.09,0.09,0.08,0.08,0.08,0.08,0.1,0.1,0.1,0.1,574
1/8/2021,0.08,0.08,0.08,0.08,0.08,0.08,0.09,0.09,0.1,0.1,575
1/7/2021,0.09,0.09,0.09,0.09,0.09,0.09,0.09,0.09,0.11,0.11,576
1/6/2021,0.09,0.09,0.09,0.09,0.09,0.09,0.09,0.09,0.11,0.11,577
1/5/2021,0.08,0.08,0.09,0.09,0.09,0.09,0.09,0.09,0.1,0.1,578
1/4/2021,0.09,0.09,0.09,0.09,0.09,0.09,0.09,0.09,0.1,0.1,579
12/31/2020,0.08,0.08,0.08,0.08,0.09,0.09,0.09,0.09,0.1,0.1,580
12/30/2020,0.06,0.06,0.06,0.06,0.08,0.08,0.09,0.09,0.12,0.12,581
12/29/2020,0.08,0.08,0.09,0.09,0.1,0.1,0.12,0.12,0.11,0.11,582
12/28/2020,0.09,0.09,0.1,0.1,0.11,0.11,0.11,0.11,0.11,0.11,583
12/24/2020,0.09,0.09,0.09,0.09,0.09,0.09,0.09,0.09,0.1,0.1,584
12/23/2020,0.07,0.07,0.08,0.08,0.09,0.09,0.09,0.09,0.09,0.09,585
12/22/2020,0.06,0.06,0.09,0.09,0.09,0.09,0.09,0.09,0.09,0.09,586
12/21/2020,0.08,0.08,0.09,0.09,0.09,0.09,0.09,0.09,0.09,0.09,587
12/18/2020,0.08,0.08,0.08,0.08,0.08,0.08,0.09,0.09,0.09,0.09,588
12/17/2020,0.08,0.08,0.09,0.09,0.08,0.08,0.09,0.09,0.09,0.09,589
12/16/2020,0.08,0.08,0.08,0.08,0.09,0.09,0.09,0.09,0.09,0.09,590
12/15/2020,0.07,0.07,0.08,0.08,0.08,0.08,0.08,0.08,0.09,0.09,591
12/14/2020,0.07,0.07,0.08,0.08,0.09,0.09,0.08,0.08,0.1,0.1,592
12/11/2020,0.08,0.08,0.08,0.08,0.08,0.08,0.08,0.08,0.1,0.1,593
12/10/2020,0.07,0.07,0.08,0.08,0.08,0.08,0.09,0.09,0.1,0.1,594
12/9/2020,0.07,0.07,0.07,0.07,0.08,0.08,0.09,0.09,0.1,0.1,595
12/8/2020,0.08,0.08,0.08,0.08,0.09,0.09,0.09,0.09,0.1,0.1,596
12/7/2020,0.09,0.09,0.08,0.08,0.08,0.08,0.1,0.1,0.1,0.1,597
12/4/2020,0.07,0.07,0.07,0.07,0.09,0.09,0.1,0.1,0.11,0.11,598
12/3/2020,0.08,0.08,0.08,0.08,0.08,0.08,0.09,0.09,0.1,0.1,599
12/2/2020,0.07,0.07,0.08,0.08,0.09,0.09,0.1,0.1,0.11,0.11,600
12/1/2020,0.07,0.07,0.07,0.07,0.09,0.09,0.1,0.1,0.12,0.12,601
11/30/2020,0.08,0.08,0.08,0.08,0.08,0.08,0.09,0.09,0.11,0.11,602
11/27/2020,0.09,0.09,0.09,0.09,0.09,0.09,0.1,0.1,0.11,0.11,603
11/25/2020,0.07,0.07,0.07,0.07,0.09,0.09,0.09,0.09,0.11,0.11,604
11/24/2020,0.08,0.08,0.08,0.08,0.09,0.09,0.1,0.1,0.11,0.11,605
11/23/2020,0.08,0.08,0.08,0.08,0.08,0.08,0.08,0.08,0.1,0.1,606
11/20/2020,0.09,0.09,0.09,0.09,0.07,0.07,0.1,0.1,0.11,0.11,607
11/19/2020,0.08,0.08,0.08,0.08,0.07,0.07,0.1,0.1,0.11,0.11,608
11/18/2020,0.07,0.07,0.09,0.09,0.09,0.09,0.1,0.1,0.11,0.11,609
11/17/2020,0.08,0.08,0.08,0.08,0.09,0.09,0.1,0.1,0.12,0.12,610
11/16/2020,0.09,0.09,0.1,0.1,0.09,0.09,0.12,0.12,0.12,0.12,611
11/13/2020,0.1,0.1,0.09,0.09,0.09,0.09,0.1,0.1,0.12,0.12,612
11/12/2020,0.1,0.1,0.11,0.11,0.1,0.1,0.1,0.1,0.13,0.13,613
11/10/2020,0.09,0.09,0.09,0.09,0.1,0.1,0.11,0.11,0.12,0.12,614
11/9/2020,0.1,0.1,0.1,0.1,0.11,0.11,0.11,0.11,0.12,0.12,615
11/6/2020,0.1,0.1,0.1,0.1,0.1,0.1,0.11,0.11,0.12,0.12,616
11/5/2020,0.09,0.09,0.1,0.1,0.1,0.1,0.1,0.1,0.12,0.12,617
11/4/2020,0.08,0.08,0.09,0.09,0.1,0.1,0.1,0.1,0.12,0.12,618
11/3/2020,0.09,0.09,0.1,0.1,0.1,0.1,0.12,0.12,0.14,0.14,619
11/2/2020,0.09,0.09,0.09,0.09,0.09,0.09,0.11,0.11,0.13,0.13,620
10/30/2020,0.08,0.08,0.09,0.09,0.09,0.09,0.11,0.11,0.13,0.13,621
10/29/2020,0.08,0.08,0.1,0.1,0.09,0.09,0.1,0.1,0.12,0.12,622
10/28/2020,0.07,0.07,0.09,0.09,0.1,0.1,0.11,0.11,0.12,0.12,623
10/27/2020,0.08,0.08,0.09,0.09,0.1,0.1,0.11,0.11,0.12,0.12,624
10/26/2020,0.08,0.08,0.09,0.09,0.11,0.11,0.12,0.12,0.12,0.12,625
10/23/2020,0.08,0.08,0.09,0.09,0.1,0.1,0.11,0.11,0.12,0.12,626
10/22/2020,0.09,0.09,0.09,0.09,0.09,0.09,0.11,0.11,0.13,0.13,627
10/21/2020,0.08,0.08,0.09,0.09,0.1,0.1,0.12,0.12,0.13,0.13,628
10/20/2020,0.08,0.08,0.09,0.09,0.1,0.1,0.12,0.12,0.13,0.13,629
10/19/2020,0.09,0.09,0.1,0.1,0.11,0.11,0.11,0.11,0.13,0.13,630
10/16/2020,0.09,0.09,0.1,0.1,0.11,0.11,0.12,0.12,0.12,0.12,631
10/15/2020,0.1,0.1,0.1,0.1,0.11,0.11,0.12,0.12,0.12,0.12,632
10/14/2020,0.1,0.1,0.1,0.1,0.12,0.12,0.12,0.12,0.13,0.13,633
10/13/2020,0.09,0.09,0.09,0.09,0.11,0.11,0.12,0.12,0.13,0.13,634
10/9/2020,0.1,0.1,0.11,0.11,0.1,0.1,0.12,0.12,0.15,0.15,635
10/8/2020,0.09,0.09,0.09,0.09,0.09,0.09,0.12,0.12,0.13,0.13,636
10/7/2020,0.08,0.08,0.09,0.09,0.1,0.1,0.12,0.12,0.13,0.13,637
10/6/2020,0.08,0.08,0.09,0.09,0.1,0.1,0.11,0.11,0.14,0.14,638
10/5/2020,0.09,0.09,0.1,0.1,0.1,0.1,0.11,0.11,0.12,0.12,639
10/2/2020,0.1,0.1,0.09,0.09,0.09,0.09,0.11,0.11,0.12,0.12,640
10/1/2020,0.09,0.09,0.09,0.09,0.09,0.09,0.1,0.1,0.12,0.12,641
9/30/2020,0.08,0.08,0.08,0.08,0.1,0.1,0.11,0.11,0.12,0.12,642
9/29/2020,0.07,0.07,0.08,0.08,0.09,0.09,0.11,0.11,0.12,0.12,643
9/28/2020,0.09,0.09,0.1,0.1,0.11,0.11,0.11,0.11,0.12,0.12,644
9/25/2020,0.08,0.08,0.09,0.09,0.1,0.1,0.11,0.11,0.12,0.12,645
9/24/2020,0.08,0.08,0.09,0.09,0.1,0.1,0.11,0.11,0.12,0.12,646
9/23/2020,0.08,0.08,0.09,0.09,0.11,0.11,0.11,0.11,0.13,0.13,647
9/22/2020,0.08,0.08,0.09,0.09,0.1,0.1,0.11,0.11,0.12,0.12,648
9/21/2020,0.09,0.09,0.1,0.1,0.1,0.1,0.11,0.11,0.12,0.12,649
9/18/2020,0.09,0.09,0.1,0.1,0.1,0.1,0.12,0.12,0.13,0.13,650
9/17/2020,0.09,0.09,0.09,0.09,0.09,0.09,0.11,0.11,0.12,0.12,651
9/16/2020,0.08,0.08,0.1,0.1,0.12,0.12,0.12,0.12,0.12,0.12,652
9/15/2020,0.09,0.09,0.1,0.1,0.11,0.11,0.12,0.12,0.13,0.13,653
9/14/2020,0.1,0.1,0.11,0.11,0.11,0.11,0.13,0.13,0.14,0.14,654
9/11/2020,0.1,0.1,0.11,0.11,0.11,0.11,0.12,0.12,0.13,0.13,655
9/10/2020,0.1,0.1,0.11,0.11,0.12,0.12,0.12,0.12,0.15,0.15,656
9/9/2020,0.1,0.1,0.11,0.11,0.12,0.12,0.14,0.14,0.14,0.14,657
9/8/2020,0.1,0.1,0.1,0.1,0.13,0.13,0.14,0.14,0.15,0.15,658
9/4/2020,0.09,0.09,0.1,0.1,0.11,0.11,0.12,0.12,0.13,0.13,659
9/3/2020,0.1,0.1,0.11,0.11,0.11,0.11,0.12,0.12,0.12,0.12,660
9/2/2020,0.1,0.1,0.1,0.1,0.12,0.12,0.12,0.12,0.13,0.13,661
9/1/2020,0.09,0.09,0.11,0.11,0.12,0.12,0.13,0.13,0.12,0.12,662
8/31/2020,0.08,0.08,0.1,0.1,0.11,0.11,0.13,0.13,0.12,0.12,663
8/28/2020,0.09,0.09,0.09,0.09,0.1,0.1,0.11,0.11,0.12,0.12,664
8/27/2020,0.09,0.09,0.1,0.1,0.11,0.11,0.11,0.11,0.13,0.13,665
8/26/2020,0.07,0.07,0.1,0.1,0.11,0.11,0.12,0.12,0.12,0.12,666
8/25/2020,0.08,0.08,0.1,0.1,0.11,0.11,0.12,0.12,0.13,0.13,667
8/24/2020,0.09,0.09,0.1,0.1,0.12,0.12,0.12,0.12,0.14,0.14,668
8/21/2020,0.07,0.07,0.09,0.09,0.1,0.1,0.12,0.12,0.13,0.13,669
8/20/2020,0.08,0.08,0.09,0.09,0.11,0.11,0.13,0.13,0.12,0.12,670
8/19/2020,0.07,0.07,0.08,0.08,0.11,0.11,0.12,0.12,0.13,0.13,671
8/18/2020,0.08,0.08,0.09,0.09,0.09,0.09,0.13,0.13,0.13,0.13,672
8/17/2020,0.09,0.09,0.1,0.1,0.1,0.1,0.12,0.12,0.13,0.13,673
8/14/2020,0.09,0.09,0.1,0.1,0.1,0.1,0.12,0.12,0.13,0.13,674
8/13/2020,0.08,0.08,0.1,0.1,0.1,0.1,0.12,0.12,0.14,0.14,675
8/12/2020,0.08,0.08,0.1,0.1,0.11,0.11,0.12,0.12,0.13,0.13,676
8/11/2020,0.08,0.08,0.1,0.1,0.11,0.11,0.12,0.12,0.15,0.15,677
8/10/2020,0.09,0.09,0.11,0.11,0.11,0.11,0.13,0.13,0.13,0.13,678
8/7/2020,0.08,0.08,0.09,0.09,0.1,0.1,0.12,0.12,0.14,0.14,679
8/6/2020,0.07,0.07,0.11,0.11,0.1,0.1,0.11,0.11,0.14,0.14,680
8/5/2020,0.08,0.08,0.09,0.09,0.1,0.1,0.12,0.12,0.12,0.12,681
8/4/2020,0.09,0.09,0.09,0.09,0.09,0.09,0.11,0.11,0.14,0.14,682
8/3/2020,0.09,0.09,0.09,0.09,0.1,0.1,0.11,0.11,0.12,0.12,683
7/31/2020,0.09,0.09,0.09,0.09,0.09,0.09,0.1,0.1,0.11,0.11,684
7/30/2020,0.1,0.1,0.1,0.1,0.09,0.09,0.11,0.11,0.11,0.11,685
7/29/2020,0.09,0.09,0.1,0.1,0.11,0.11,0.12,0.12,0.13,0.13,686
7/28/2020,0.09,0.09,0.11,0.11,0.11,0.11,0.12,0.12,0.14,0.14,687
7/27/2020,0.1,0.1,0.1,0.1,0.11,0.11,0.14,0.14,0.14,0.14,688
7/24/2020,0.1,0.1,0.11,0.11,0.11,0.11,0.14,0.14,0.16,0.16,689
7/23/2020,0.09,0.09,0.11,0.11,0.12,0.12,0.13,0.13,0.14,0.14,690
7/22/2020,0.09,0.09,0.11,0.11,0.13,0.13,0.14,0.14,0.14,0.14,691
7/21/2020,0.09,0.09,0.1,0.1,0.13,0.13,0.13,0.13,0.15,0.15,692
7/20/2020,0.11,0.11,0.12,0.12,0.13,0.13,0.14,0.14,0.14,0.14,693
7/17/2020,0.11,0.11,0.11,0.11,0.11,0.11,0.13,0.13,0.14,0.14,694
7/16/2020,0.12,0.12,0.11,0.11,0.11,0.11,0.13,0.13,0.14,0.14,695
7/15/2020,0.12,0.12,0.12,0.12,0.16,0.16,0.15,0.15,0.15,0.15,696
7/14/2020,0.11,0.11,0.13,0.13,0.15,0.15,0.14,0.14,0.17,0.17,697
7/13/2020,0.11,0.11,0.12,0.12,0.14,0.14,0.15,0.15,0.16,0.16,698
7/10/2020,0.1,0.1,0.12,0.12,0.13,0.13,0.15,0.15,0.15,0.15,699
7/9/2020,0.11,0.11,0.12,0.12,0.13,0.13,0.16,0.16,0.15,0.15,700
7/8/2020,0.11,0.11,0.12,0.12,0.15,0.15,0.17,0.17,0.15,0.15,701
7/7/2020,0.12,0.12,0.14,0.14,0.15,0.15,0.17,0.17,0.15,0.15,702
7/6/2020,0.12,0.12,0.14,0.14,0.15,0.15,0.16,0.16,0.16,0.16,703
7/2/2020,0.13,0.13,0.14,0.14,0.14,0.14,0.16,0.16,0.16,0.16,704
7/1/2020,0.12,0.12,0.11,0.11,0.14,0.14,0.17,0.17,0.16,0.16,705
6/30/2020,0.13,0.13,0.14,0.14,0.16,0.16,0.18,0.18,0.16,0.16,706
6/29/2020,0.11,0.11,0.14,0.14,0.14,0.14,0.18,0.18,0.16,0.16,707
6/26/2020,0.12,0.12,0.15,0.15,0.14,0.14,0.17,0.17,0.17,0.17,708
6/25/2020,0.13,0.13,0.14,0.14,0.16,0.16,0.17,0.17,0.17,0.17,709
6/24/2020,0.11,0.11,0.13,0.13,0.15,0.15,0.17,0.17,0.17,0.17,710
6/23/2020,0.12,0.12,0.13,0.13,0.16,0.16,0.17,0.17,0.18,0.18,711
6/22/2020,0.14,0.14,0.15,0.15,0.16,0.16,0.18,0.18,0.17,0.17,712
6/19/2020,0.13,0.13,0.14,0.14,0.15,0.15,0.17,0.17,0.18,0.18,713
6/18/2020,0.13,0.13,0.14,0.14,0.16,0.16,0.17,0.17,0.19,0.19,714
6/17/2020,0.13,0.13,0.14,0.14,0.17,0.17,0.18,0.18,0.19,0.19,715
6/16/2020,0.14,0.14,0.15,0.15,0.17,0.17,0.19,0.19,0.18,0.18,716
6/15/2020,0.15,0.15,0.16,0.16,0.18,0.18,0.19,0.19,0.17,0.17,717
6/12/2020,0.14,0.14,0.15,0.15,0.16,0.16,0.18,0.18,0.18,0.18,718
6/11/2020,0.14,0.14,0.16,0.16,0.17,0.17,0.18,0.18,0.19,0.19,719
6/10/2020,0.13,0.13,0.15,0.15,0.17,0.17,0.19,0.19,0.18,0.18,720
6/9/2020,0.14,0.14,0.16,0.16,0.19,0.19,0.19,0.19,0.19,0.19,721
6/8/2020,0.15,0.15,0.15,0.15,0.17,0.17,0.19,0.19,0.19,0.19,722
6/5/2020,0.13,0.13,0.14,0.14,0.15,0.15,0.18,0.18,0.18,0.18,723
6/4/2020,0.13,0.13,0.15,0.15,0.15,0.15,0.18,0.18,0.17,0.17,724
6/3/2020,0.12,0.12,0.13,0.13,0.16,0.16,0.19,0.19,0.17,0.17,725
6/2/2020,0.12,0.12,0.13,0.13,0.15,0.15,0.18,0.18,0.17,0.17,726
6/1/2020,0.12,0.12,0.14,0.14,0.14,0.14,0.18,0.18,0.17,0.17,727
5/29/2020,0.13,0.13,0.14,0.14,0.14,0.14,0.18,0.18,0.17,0.17,728
5/28/2020,0.14,0.14,0.15,0.15,0.15,0.15,0.18,0.18,0.17,0.17,729
5/27/2020,0.1,0.1,0.13,0.13,0.15,0.15,0.17,0.17,0.18,0.18,730
5/26/2020,0.1,0.1,0.12,0.12,0.14,0.14,0.17,0.17,0.17,0.17,731
5/22/2020,0.09,0.09,0.11,0.11,0.12,0.12,0.16,0.16,0.17,0.17,732
5/21/2020,0.09,0.09,0.11,0.11,0.12,0.12,0.14,0.14,0.16,0.16,733
5/20/2020,0.08,0.08,0.1,0.1,0.12,0.12,0.14,0.14,0.16,0.16,734
5/19/2020,0.09,0.09,0.11,0.11,0.13,0.13,0.15,0.15,0.16,0.16,735
5/18/2020,0.1,0.1,0.11,0.11,0.13,0.13,0.15,0.15,0.17,0.17,736
5/15/2020,0.09,0.09,0.09,0.09,0.12,0.12,0.15,0.15,0.15,0.15,737
5/14/2020,0.09,0.09,0.1,0.1,0.12,0.12,0.15,0.15,0.15,0.15,738
5/13/2020,0.1,0.1,0.1,0.1,0.13,0.13,0.15,0.15,0.15,0.15,739
5/12/2020,0.1,0.1,0.11,0.11,0.13,0.13,0.16,0.16,0.16,0.16,740
5/11/2020,0.09,0.09,0.11,0.11,0.12,0.12,0.16,0.16,0.16,0.16,741
5/8/2020,0.1,0.1,0.11,0.11,0.12,0.12,0.15,0.15,0.15,0.15,742
5/7/2020,0.1,0.1,0.11,0.11,0.11,0.11,0.14,0.14,0.15,0.15,743
5/6/2020,0.08,0.08,0.1,0.1,0.12,0.12,0.16,0.16,0.16,0.16,744
5/5/2020,0.09,0.09,0.11,0.11,0.13,0.13,0.15,0.15,0.16,0.16,745
5/4/2020,0.1,0.1,0.1,0.1,0.13,0.13,0.14,0.14,0.16,0.16,746
5/1/2020,0.1,0.1,0.11,0.11,0.12,0.12,0.12,0.12,0.17,0.17,747
4/30/2020,0.1,0.1,0.1,0.1,0.09,0.09,0.11,0.11,0.16,0.16,748
4/29/2020,0.1,0.1,0.09,0.09,0.1,0.1,0.12,0.12,0.18,0.18,749
4/28/2020,0.08,0.08,0.09,0.09,0.11,0.11,0.13,0.13,0.16,0.16,750
4/27/2020,0.09,0.09,0.13,0.13,0.12,0.12,0.15,0.15,0.17,0.17,751
4/24/2020,0.1,0.1,0.11,0.11,0.12,0.12,0.14,0.14,0.18,0.18,752
4/23/2020,0.09,0.09,0.12,0.12,0.11,0.11,0.14,0.14,0.17,0.17,753
4/22/2020,0.09,0.09,0.09,0.09,0.12,0.12,0.14,0.14,0.16,0.16,754
4/21/2020,0.08,0.08,0.08,0.08,0.11,0.11,0.14,0.14,0.17,0.17,755
4/20/2020,0.1,0.1,0.1,0.1,0.12,0.12,0.15,0.15,0.15,0.15,756
4/17/2020,0.12,0.12,0.12,0.12,0.12,0.12,0.16,0.16,0.16,0.16,757
4/16/2020,0.14,0.14,0.15,0.15,0.14,0.14,0.18,0.18,0.17,0.17,758
4/15/2020,0.13,0.13,0.15,0.15,0.14,0.14,0.19,0.19,0.19,0.19,759
4/14/2020,0.17,0.17,0.18,0.18,0.2,0.2,0.24,0.24,0.25,0.25,760
4/13/2020,0.16,0.16,0.29,0.29,0.26,0.26,0.27,0.27,0.27,0.27,761
4/9/2020,0.2,0.2,0.27,0.27,0.25,0.25,0.24,0.24,0.25,0.25,762
4/8/2020,0.14,0.14,0.16,0.16,0.22,0.22,0.24,0.24,0.23,0.23,763
4/7/2020,0.09,0.09,0.13,0.13,0.14,0.14,0.2,0.2,0.19,0.19,764
4/6/2020,0.09,0.09,0.13,0.13,0.15,0.15,0.17,0.17,0.19,0.19,765
4/3/2020,0.09,0.09,0.11,0.11,0.1,0.1,0.15,0.15,0.15,0.15,766
4/2/2020,0.09,0.09,0.1,0.1,0.09,0.09,0.15,0.15,0.14,0.14,767
4/1/2020,0.03,0.03,0.06,0.06,0.09,0.09,0.14,0.14,0.16,0.16,768
3/31/2020,0.04,0.04,0.12,0.12,0.11,0.11,0.15,0.15,0.17,0.17,769
3/30/2020,0.04,0.04,0.06,0.06,0.12,0.12,0.12,0.12,0.14,0.14,770
3/27/2020,0.01,0.01,0.03,0.03,0.03,0.03,0.02,0.02,0.11,0.11,771
3/26/2020,0.01,0.01,0.01,0.01,-0.05,-0.05,0.04,0.04,0.13,0.13,772
3/25/2020,-0.04,-0.04,-0.03,-0.03,-0.04,-0.04,0.07,0.07,0.19,0.19,773
3/24/2020,0.01,0.01,0.01,0.01,0.01,0.01,0.09,0.09,0.25,0.25,774
3/23/2020,0.01,0.01,0.04,0.04,0.02,0.02,0.08,0.08,0.16,0.16,775
3/20/2020,0.04,0.04,0.05,0.05,0.05,0.05,0.05,0.05,0.13,0.13,776
3/19/2020,0.04,0.04,0.04,0.04,0.04,0.04,0.06,0.06,0.18,0.18,777
3/18/2020,0.04,0.04,0.03,0.03,0.02,0.02,0.08,0.08,0.19,0.19,778
3/17/2020,0.11,0.11,0.18,0.18,0.19,0.19,0.24,0.24,0.29,0.3,779
3/16/2020,0.25,0.25,0.25,0.25,0.24,0.24,0.29,0.29,0.28,0.29,780
3/13/2020,0.33,0.33,0.3,0.3,0.27,0.27,0.37,0.38,0.37,0.38,781
3/12/2020,0.4,0.41,0.33,0.33,0.33,0.33,0.36,0.37,0.38,0.39,782
3/11/2020,0.41,0.42,0.42,0.43,0.41,0.42,0.39,0.4,0.39,0.4,783
3/10/2020,0.56,0.57,0.55,0.56,0.43,0.44,0.42,0.43,0.42,0.43,784
3/9/2020,0.56,0.57,0.53,0.54,0.32,0.32,0.27,0.27,0.3,0.31,785
3/6/2020,0.78,0.79,0.64,0.65,0.45,0.46,0.4,0.41,0.38,0.39,786
3/5/2020,0.91,0.92,0.82,0.83,0.61,0.62,0.52,0.53,0.47,0.48,787
3/4/2020,1,1.01,0.89,0.9,0.71,0.72,0.67,0.68,0.58,0.59,788
3/3/2020,1.1,1.12,1.05,1.07,0.93,0.95,0.82,0.83,0.71,0.73,789
3/2/2020,1.4,1.42,1.27,1.29,1.1,1.12,0.93,0.95,0.87,0.89,790
2/28/2020,1.43,1.45,1.35,1.37,1.25,1.27,1.09,1.11,0.95,0.97,791
2/27/2020,1.54,1.56,1.5,1.52,1.42,1.45,1.3,1.33,1.15,1.18,792
2/26/2020,1.56,1.59,1.54,1.57,1.5,1.53,1.39,1.42,1.23,1.26,793
2/25/2020,1.56,1.59,1.55,1.58,1.5,1.53,1.43,1.46,1.27,1.3,794
2/24/2020,1.57,1.6,1.56,1.59,1.5,1.53,1.45,1.49,1.33,1.36,795
2/21/2020,1.57,1.6,1.57,1.6,1.53,1.56,1.49,1.53,1.4,1.44,796
2/20/2020,1.58,1.61,1.57,1.6,1.55,1.58,1.51,1.55,1.43,1.47,797
2/19/2020,1.58,1.61,1.58,1.61,1.55,1.58,1.52,1.56,1.44,1.48,798
2/18/2020,1.58,1.61,1.57,1.6,1.55,1.58,1.52,1.56,1.44,1.48,799
2/14/2020,1.57,1.6,1.57,1.6,1.55,1.58,1.52,1.56,1.45,1.49,800
2/13/2020,1.56,1.59,1.56,1.59,1.56,1.59,1.52,1.56,1.45,1.49,801
2/12/2020,1.54,1.57,1.56,1.59,1.55,1.58,1.52,1.56,1.45,1.49,802
2/11/2020,1.54,1.57,1.55,1.58,1.54,1.57,1.51,1.55,1.44,1.48,803
2/10/2020,1.55,1.58,1.55,1.58,1.55,1.58,1.54,1.58,1.42,1.46,804
2/7/2020,1.54,1.57,1.55,1.58,1.53,1.56,1.53,1.57,1.45,1.49,805
2/6/2020,1.56,1.59,1.56,1.59,1.54,1.57,1.54,1.58,1.47,1.51,806
2/5/2020,1.52,1.55,1.53,1.56,1.54,1.57,1.53,1.57,1.45,1.49,807
2/4/2020,1.52,1.55,1.54,1.57,1.54,1.57,1.53,1.57,1.44,1.48,808
2/3/2020,1.53,1.56,1.54,1.57,1.54,1.57,1.52,1.56,1.42,1.46,809
1/31/2020,1.53,1.56,1.54,1.57,1.52,1.55,1.5,1.54,1.41,1.45,810
1/30/2020,1.56,1.59,1.55,1.58,1.54,1.57,1.53,1.57,1.44,1.48,811
1/29/2020,1.49,1.52,1.52,1.55,1.53,1.56,1.53,1.57,1.47,1.51,812
1/28/2020,1.5,1.53,1.54,1.57,1.54,1.57,1.54,1.58,1.49,1.53,813
1/27/2020,1.5,1.53,1.52,1.55,1.52,1.55,1.53,1.57,1.5,1.54,814
1/24/2020,1.51,1.54,1.52,1.55,1.51,1.54,1.51,1.55,1.51,1.55,815
1/23/2020,1.52,1.55,1.54,1.57,1.52,1.55,1.52,1.56,1.51,1.55,816
1/22/2020,1.49,1.52,1.5,1.53,1.52,1.55,1.52,1.56,1.51,1.55,817
1/21/2020,1.49,1.52,1.51,1.54,1.53,1.56,1.53,1.57,1.5,1.54,818
1/17/2020,1.51,1.54,1.53,1.56,1.53,1.56,1.53,1.57,1.52,1.56,819
1/16/2020,1.51,1.54,1.53,1.56,1.52,1.55,1.52,1.56,1.5,1.54,820
1/15/2020,1.5,1.53,1.53,1.56,1.54,1.57,1.54,1.58,1.5,1.54,821
1/14/2020,1.5,1.53,1.53,1.56,1.54,1.57,1.53,1.57,1.49,1.53,822
1/13/2020,1.51,1.54,1.53,1.56,1.54,1.57,1.53,1.57,1.49,1.53,823
1/10/2020,1.49,1.52,1.52,1.55,1.51,1.54,1.51,1.55,1.49,1.53,824
1/9/2020,1.5,1.53,1.52,1.55,1.51,1.54,1.52,1.56,1.5,1.54,825
1/8/2020,1.47,1.5,1.5,1.53,1.51,1.54,1.52,1.56,1.51,1.55,826
1/7/2020,1.49,1.52,1.5,1.53,1.51,1.54,1.52,1.56,1.49,1.53,827
1/6/2020,1.51,1.54,1.51,1.54,1.53,1.56,1.52,1.56,1.5,1.54,828
1/3/2020,1.49,1.52,1.52,1.55,1.49,1.52,1.51,1.55,1.51,1.55,829
1/2/2020,1.5,1.53,1.52,1.55,1.51,1.54,1.53,1.57,1.52,1.56,830
