Date,Open,High,Low,Close,Adj Close**,Volume
4/24/2023,4132.07,4142.41,4117.77,4137.04,4137.04,3290940000
4/21/2023,4132.14,4138.02,4113.86,4133.52,4133.52,3611750000
4/20/2023,4130.48,4148.57,4114.57,4129.79,4129.79,3772080000
4/19/2023,4139.33,4162.57,4134.49,4154.52,4154.52,3572560000
4/18/2023,4164.26,4169.48,4140.36,4154.87,4154.87,3536640000
4/17/2023,4137.17,4151.72,4123.18,4151.32,4151.32,3611180000
4/14/2023,4140.11,4163.19,4113.2,4137.64,4137.64,3575690000
4/13/2023,4100.04,4150.26,4099.4,4146.22,4146.22,3596590000
4/12/2023,4121.72,4134.37,4086.94,4091.95,4091.95,3633120000
4/11/2023,4110.29,4124.26,4102.61,4108.94,4108.94,3665830000
4/10/2023,4085.2,4109.5,4072.55,4109.11,4109.11,3423650000
4/6/2023,4081.15,4107.32,4069.84,4105.02,4105.02,3486690000
4/5/2023,4094.5,4099.69,4072.56,4090.38,4090.38,3968020000
4/4/2023,4128.03,4133.13,4086.87,4100.6,4100.6,4227800000
4/3/2023,4102.2,4127.66,4098.79,4124.51,4124.51,4234700000
3/31/2023,4056.18,4110.75,4056.18,4109.31,4109.31,4525120000
3/30/2023,4046.74,4057.85,4032.1,4050.83,4050.83,3930860000
3/29/2023,3999.53,4030.59,3999.53,4027.81,4027.81,4145250000
3/28/2023,3974.13,3979.2,3951.53,3971.27,3971.27,4014600000
3/27/2023,3982.93,4003.83,3970.49,3977.53,3977.53,4233540000
3/24/2023,3939.21,3972.74,3909.16,3970.99,3970.99,4583970000
3/23/2023,3959.21,4007.66,3919.05,3948.72,3948.72,4991600000
3/22/2023,4002.04,4039.49,3936.17,3936.97,3936.97,4533010000
3/21/2023,3975.89,4009.08,3971.19,4002.87,4002.87,4920240000
3/20/2023,3917.47,3956.62,3916.89,3951.57,3951.57,5347140000
3/17/2023,3958.69,3958.91,3901.27,3916.64,3916.64,9354280000
3/16/2023,3878.93,3964.46,3864.11,3960.28,3960.28,5695790000
3/15/2023,3876.74,3894.26,3838.24,3891.93,3891.93,6594010000
3/14/2023,3894.01,3937.29,3873.63,3919.29,3919.29,5665870000
3/13/2023,3835.12,3905.05,3808.86,3855.76,3855.76,6558020000
3/10/2023,3912.77,3934.05,3846.32,3861.59,3861.59,5518190000
3/9/2023,3998.66,4017.81,3908.7,3918.32,3918.32,4445260000
3/8/2023,3987.55,4000.41,3969.76,3992.01,3992.01,3535570000
3/7/2023,4048.26,4050,3980.31,3986.37,3986.37,3922500000
3/6/2023,4055.15,4078.49,4044.61,4048.42,4048.42,4000870000
3/3/2023,3998.02,4048.29,3995.17,4045.64,4045.64,4084730000
3/2/2023,3938.68,3990.84,3928.16,3981.35,3981.35,4244900000
3/1/2023,3963.34,3971.73,3939.05,3951.39,3951.39,4249480000
2/28/2023,3977.19,3997.5,3968.98,3970.15,3970.15,5043400000
2/27/2023,3992.36,4018.05,3973.55,3982.24,3982.24,3836950000
2/24/2023,3973.24,3978.25,3943.08,3970.04,3970.04,3877700000
2/23/2023,4018.6,4028.3,3969.19,4012.32,4012.32,3952940000
2/22/2023,4001.83,4017.37,3976.9,3991.05,3991.05,4079320000
2/21/2023,4052.35,4052.35,3995.19,3997.34,3997.34,4121590000
2/17/2023,4077.39,4081.51,4047.95,4079.09,4079.09,4045480000
2/16/2023,4114.75,4136.54,4089.49,4090.41,4090.41,4143660000
2/15/2023,4119.5,4148.11,4103.98,4147.6,4147.6,4075980000
2/14/2023,4126.7,4159.77,4095.01,4136.13,4136.13,3929200000
2/13/2023,4096.62,4138.9,4092.67,4137.29,4137.29,3448620000
2/10/2023,4068.92,4094.36,4060.79,4090.46,4090.46,3891520000
2/9/2023,4144.25,4156.23,4069.67,4081.5,4081.5,4270200000
2/8/2023,4153.47,4156.85,4111.67,4117.86,4117.86,4029820000
2/7/2023,4105.35,4176.54,4088.39,4164,4164,4355860000
2/6/2023,4119.57,4124.63,4093.38,4111.08,4111.08,4114240000
2/3/2023,4136.69,4182.36,4123.36,4136.48,4136.48,4694510000
2/2/2023,4158.68,4195.44,4141.88,4179.76,4179.76,5624360000
2/1/2023,4070.07,4148.95,4037.2,4119.21,4119.21,4856930000
1/31/2023,4020.85,4077.16,4020.44,4076.6,4076.6,4679320000
1/30/2023,4049.27,4063.85,4015.55,4017.77,4017.77,3802000000
1/27/2023,4053.72,4094.21,4048.7,4070.56,4070.56,3907760000
1/26/2023,4036.08,4061.57,4013.29,4060.43,4060.43,3809590000
1/25/2023,3982.71,4019.55,3949.06,4016.22,4016.22,3724020000
1/24/2023,4001.74,4023.92,3989.79,4016.95,4016.95,3320430000
1/23/2023,3978.14,4039.31,3971.64,4019.81,4019.81,3945210000
1/20/2023,3909.04,3972.96,3897.86,3972.61,3972.61,4013360000
1/19/2023,3911.84,3922.94,3885.54,3898.85,3898.85,3991500000
1/18/2023,4002.25,4014.16,3926.59,3928.86,3928.86,4298710000
1/17/2023,3999.28,4015.39,3984.57,3990.97,3990.97,4235560000
1/13/2023,3960.6,4003.95,3947.67,3999.09,3999.09,3939700000
1/12/2023,3977.57,3997.76,3937.56,3983.17,3983.17,4440260000
1/11/2023,3932.35,3970.07,3928.54,3969.61,3969.61,4303360000
1/10/2023,3888.57,3919.83,3877.29,3919.25,3919.25,3851030000
1/9/2023,3910.82,3950.57,3890.42,3892.09,3892.09,4311770000
1/6/2023,3823.37,3906.19,3809.56,3895.08,3895.08,3923560000
1/5/2023,3839.74,3839.74,3802.42,3808.1,3808.1,3893450000
1/4/2023,3840.36,3873.16,3815.77,3852.97,3852.97,4414080000
1/3/2023,3853.29,3878.46,3794.33,3824.14,3824.14,3959140000
12/30/2022,3829.06,3839.85,3800.34,3839.5,3839.5,2979870000
12/29/2022,3805.45,3858.19,3805.45,3849.28,3849.28,3003680000
12/28/2022,3829.56,3848.32,3780.78,3783.22,3783.22,3083520000
12/27/2022,3843.34,3846.65,3813.22,3829.25,3829.25,3030300000
12/23/2022,3815.11,3845.8,3797.01,3844.82,3844.82,2819280000
12/22/2022,3853.26,3853.26,3764.49,3822.39,3822.39,3956950000
12/21/2022,3839.49,3889.82,3839.49,3878.44,3878.44,3775200000
12/20/2022,3810.47,3838.24,3795.62,3821.62,3821.62,3985370000
12/19/2022,3853.79,3854.86,3800.04,3817.66,3817.66,3969610000
12/16/2022,3890.91,3890.91,3827.91,3852.36,3852.36,7493660000
12/15/2022,3958.37,3958.37,3879.45,3895.75,3895.75,4493900000
12/14/2022,4015.54,4053.76,3965.65,3995.32,3995.32,4472340000
12/13/2022,4069.38,4100.96,3993.03,4019.65,4019.65,5079360000
12/12/2022,3939.29,3990.71,3935.3,3990.56,3990.56,3904130000
12/9/2022,3954.17,3977.02,3933.04,3934.38,3934.38,3888260000
12/8/2022,3947.79,3974.19,3935.83,3963.51,3963.51,4006900000
12/7/2022,3933.28,3957.57,3922.68,3933.92,3933.92,4118050000
12/6/2022,3996.63,4001.51,3918.39,3941.26,3941.26,4368380000
12/5/2022,4052.02,4052.45,3984.49,3998.84,3998.84,4280820000
12/2/2022,4040.17,4080.48,4026.63,4071.7,4071.7,4012620000
12/1/2022,4087.14,4100.51,4050.87,4076.57,4076.57,4527130000
11/30/2022,3957.18,4080.11,3938.58,4080.11,4080.11,6579360000
11/29/2022,3964.19,3976.77,3937.65,3957.63,3957.63,3546040000
11/28/2022,4005.36,4012.27,3955.77,3963.94,3963.94,3615430000
11/25/2022,4023.34,4034.02,4020.76,4026.12,4026.12,1706460000
11/23/2022,4000.3,4033.78,3998.66,4027.26,4027.26,3279720000
11/22/2022,3965.51,4005.88,3956.88,4003.58,4003.58,3887990000
11/21/2022,3956.23,3962,3933.34,3949.94,3949.94,3850690000
11/18/2022,3966.39,3979.89,3935.98,3965.34,3965.34,4037360000
11/17/2022,3919.26,3954.33,3906.54,3946.56,3946.56,4051780000
11/16/2022,3976.82,3983.09,3954.34,3958.79,3958.79,4165320000
11/15/2022,4006.41,4028.84,3953.17,3991.73,3991.73,5015310000
11/14/2022,3977.97,4008.97,3956.4,3957.25,3957.25,4561930000
11/11/2022,3963.72,4001.48,3944.82,3992.93,3992.93,5593310000
11/10/2022,3859.89,3958.33,3859.89,3956.37,3956.37,5781260000
11/9/2022,3810.94,3818.2,3744.22,3748.57,3748.57,4645010000
11/8/2022,3817.02,3859.4,3786.28,3828.11,3828.11,4607640000
11/7/2022,3780.71,3813.95,3764.7,3806.8,3806.8,4341620000
11/4/2022,3766.98,3796.34,3708.84,3770.55,3770.55,5400180000
11/3/2022,3733.25,3750.59,3698.15,3719.89,3719.89,4625290000
11/2/2022,3852.9,3894.44,3758.68,3759.69,3759.69,4899000000
11/1/2022,3901.79,3911.79,3843.8,3856.1,3856.1,4481210000
10/31/2022,3881.85,3893.73,3863.18,3871.98,3871.98,4820620000
10/28/2022,3808.26,3905.42,3808.26,3901.06,3901.06,4459410000
10/27/2022,3834.69,3859.95,3803.79,3807.3,3807.3,4687320000
10/26/2022,3825.97,3886.15,3824.07,3830.6,3830.6,4817310000
10/25/2022,3799.44,3862.85,3799.44,3859.11,3859.11,4843120000
10/24/2022,3762.01,3810.74,3741.65,3797.34,3797.34,4747930000
10/21/2022,3657.1,3757.89,3647.42,3752.75,3752.75,5078020000
10/20/2022,3689.05,3736,3656.44,3665.78,3665.78,4496620000
10/19/2022,3703.11,3728.58,3666.51,3695.16,3695.16,4223800000
10/18/2022,3746.26,3762.79,3686.53,3719.98,3719.98,4483740000
10/17/2022,3638.65,3689.73,3638.65,3677.95,3677.95,4352780000
10/14/2022,3690.41,3712,3579.68,3583.07,3583.07,4243030000
10/13/2022,3520.37,3685.41,3491.58,3669.91,3669.91,5021680000
10/12/2022,3590.83,3608.34,3573.86,3577.03,3577.03,4006830000
10/11/2022,3595.86,3640.66,3568.45,3588.84,3588.84,4759030000
10/10/2022,3647.51,3652.17,3588.1,3612.39,3612.39,3834320000
10/7/2022,3706.74,3706.74,3620.73,3639.66,3639.66,4449660000
10/6/2022,3771.97,3797.93,3739.22,3744.52,3744.52,4252100000
10/5/2022,3753.25,3806.91,3722.66,3783.28,3783.28,4293180000
10/4/2022,3726.46,3791.92,3726.46,3790.93,3790.93,5146580000
10/3/2022,3609.78,3698.35,3604.93,3678.43,3678.43,4806680000
9/30/2022,3633.48,3671.44,3584.13,3585.62,3585.62,5645360000
9/29/2022,3687.01,3687.01,3610.4,3640.47,3640.47,4681810000
9/28/2022,3651.94,3736.74,3640.61,3719.04,3719.04,4684850000
9/27/2022,3686.44,3717.53,3623.29,3647.29,3647.29,4577740000
9/26/2022,3682.72,3715.67,3644.76,3655.04,3655.04,4886140000
9/23/2022,3727.14,3727.14,3647.47,3693.23,3693.23,5144270000
9/22/2022,3782.36,3790.9,3749.45,3757.99,3757.99,4284600000
9/21/2022,3871.4,3907.07,3789.49,3789.93,3789.93,4078330000
9/20/2022,3875.23,3876.01,3827.54,3855.93,3855.93,4058050000
9/19/2022,3849.91,3900.45,3838.5,3899.89,3899.89,3766850000
9/16/2022,3880.95,3880.95,3837.08,3873.33,3873.33,7954650000
9/15/2022,3932.41,3959.14,3888.28,3901.35,3901.35,4441830000
9/14/2022,3940.73,3961.94,3912.18,3946.01,3946.01,4293240000
9/13/2022,4037.12,4037.12,3921.28,3932.69,3932.69,4224550000
9/12/2022,4083.67,4119.28,4083.67,4110.41,4110.41,3814200000
9/9/2022,4022.94,4076.81,4022.94,4067.36,4067.36,3901940000
9/8/2022,3959.94,4010.5,3944.81,4006.18,4006.18,3966850000
9/7/2022,3909.43,3987.89,3906.03,3979.87,3979.87,3890320000
9/6/2022,3930.89,3942.55,3886.75,3908.19,3908.19,4127340000
9/2/2022,3994.66,4018.43,3906.21,3924.26,3924.26,3665850000
9/1/2022,3936.73,3970.23,3903.65,3966.85,3966.85,4152250000
8/31/2022,4000.67,4015.37,3954.53,3955,3955,4542490000
8/30/2022,4041.25,4044.98,3965.21,3986.16,3986.16,3835860000
8/29/2022,4034.58,4062.99,4017.42,4030.61,4030.61,3396510000
8/26/2022,4198.74,4203.04,4057.66,4057.66,4057.66,3832750000
8/25/2022,4153.26,4200.54,4147.59,4199.12,4199.12,3566870000
8/24/2022,4126.55,4156.56,4119.97,4140.77,4140.77,3583630000
8/23/2022,4133.09,4159.77,4124.03,4128.73,4128.73,3823520000
8/22/2022,4195.08,4195.08,4129.86,4137.99,4137.99,3907430000
8/19/2022,4266.31,4266.31,4218.7,4228.48,4228.48,3761340000
8/18/2022,4273.13,4292.53,4261.98,4283.74,4283.74,3340330000
8/17/2022,4280.4,4302.18,4253.08,4274.04,4274.04,3885030000
8/16/2022,4290.46,4325.28,4277.77,4305.2,4305.2,4329820000
8/15/2022,4269.37,4301.79,4256.9,4297.14,4297.14,3696830000
8/12/2022,4225.02,4280.47,4219.78,4280.15,4280.15,3788010000
8/11/2022,4227.4,4257.91,4201.41,4207.27,4207.27,4630200000
8/10/2022,4181.02,4211.03,4177.26,4210.24,4210.24,4546010000
8/9/2022,4133.11,4137.3,4112.09,4122.47,4122.47,3913090000
8/8/2022,4155.93,4186.62,4128.97,4140.06,4140.06,4221090000
8/5/2022,4115.87,4151.58,4107.31,4145.19,4145.19,4085940000
8/4/2022,4154.85,4161.29,4135.42,4151.94,4151.94,4283320000
8/3/2022,4107.96,4167.66,4107.96,4155.17,4155.17,4351760000
8/2/2022,4104.21,4140.47,4079.81,4091.19,4091.19,4727710000
8/1/2022,4112.38,4144.95,4096.02,4118.63,4118.63,4202810000
7/29/2022,4087.33,4140.15,4079.22,4130.29,4130.29,4616360000
7/28/2022,4026.13,4078.95,3992.97,4072.43,4072.43,4413000000
7/27/2022,3951.43,4039.56,3951.43,4023.61,4023.61,4112180000
7/26/2022,3953.22,3953.22,3910.74,3921.05,3921.05,3778950000
7/25/2022,3965.72,3975.3,3943.46,3966.84,3966.84,3568340000
7/22/2022,3998.43,4012.44,3938.86,3961.63,3961.63,3979240000
7/21/2022,3955.47,3999.29,3927.64,3998.95,3998.95,4132790000
7/20/2022,3935.32,3974.13,3922.03,3959.9,3959.9,4185300000
7/19/2022,3860.73,3939.81,3860.73,3936.69,3936.69,4041070000
7/18/2022,3883.79,3902.44,3818.63,3830.85,3830.85,4046870000
7/15/2022,3818,3863.62,3817.18,3863.16,3863.16,4143800000
7/14/2022,3763.99,3796.41,3721.56,3790.38,3790.38,4199690000
7/13/2022,3779.67,3829.44,3759.07,3801.78,3801.78,4109390000
7/12/2022,3851.95,3873.41,3802.36,3818.8,3818.8,3817210000
7/11/2022,3880.94,3880.94,3847.22,3854.43,3854.43,3423480000
7/8/2022,3888.26,3918.5,3869.34,3899.38,3899.38,3521620000
7/7/2022,3858.85,3910.63,3858.85,3902.62,3902.62,4057770000
7/6/2022,3831.98,3870.91,3809.37,3845.08,3845.08,4417720000
7/5/2022,3792.61,3832.19,3742.06,3831.39,3831.39,5076590000
7/1/2022,3781,3829.82,3752.1,3825.33,3825.33,4046950000
6/30/2022,3785.99,3818.99,3738.67,3785.38,3785.38,4840070000
6/29/2022,3825.09,3836.5,3799.02,3818.83,3818.83,4211240000
6/28/2022,3913,3945.86,3820.14,3821.55,3821.55,4270120000
6/27/2022,3920.76,3927.72,3889.66,3900.11,3900.11,4325310000
6/24/2022,3821.75,3913.65,3821.75,3911.74,3911.74,8120260000
6/23/2022,3774.71,3802.58,3743.52,3795.73,3795.73,5098640000
6/22/2022,3733.89,3801.79,3717.69,3759.89,3759.89,5058990000
6/21/2022,3715.31,3779.65,3715.31,3764.79,3764.79,5292260000
6/17/2022,3665.9,3707.71,3636.87,3674.84,3674.84,8520740000
6/16/2022,3728.18,3728.18,3639.77,3666.77,3666.77,5644930000
6/15/2022,3764.05,3837.56,3722.3,3789.99,3789.99,5530480000
6/14/2022,3763.52,3778.18,3705.68,3735.48,3735.48,5153890000
6/13/2022,3838.15,3838.15,3734.3,3749.63,3749.63,5636890000
6/10/2022,3974.39,3974.39,3900.16,3900.86,3900.86,4889640000
6/9/2022,4101.65,4119.1,4017.17,4017.82,4017.82,4134170000
6/8/2022,4147.12,4160.14,4107.2,4115.77,4115.77,4159470000
6/7/2022,4096.47,4164.86,4080.19,4160.68,4160.68,4248210000
6/6/2022,4134.72,4168.78,4109.18,4121.43,4121.43,4332700000
6/3/2022,4137.57,4142.67,4098.67,4108.54,4108.54,3711110000
6/2/2022,4095.41,4177.51,4074.37,4176.82,4176.82,4405790000
6/1/2022,4149.78,4166.54,4073.85,4101.23,4101.23,4531800000
5/31/2022,4151.09,4168.34,4104.88,4132.15,4132.15,6822640000
5/27/2022,4077.43,4158.49,4077.43,4158.24,4158.24,4375620000
5/26/2022,3984.6,4075.14,3984.6,4057.84,4057.84,4709970000
5/25/2022,3929.59,3999.33,3925.03,3978.73,3978.73,4802560000
5/24/2022,3942.94,3955.68,3875.13,3941.48,3941.48,4923190000
5/23/2022,3919.42,3981.88,3909.04,3973.75,3973.75,4420030000
5/20/2022,3927.76,3943.42,3810.32,3901.36,3901.36,5130730000
5/19/2022,3899,3945.96,3876.58,3900.79,3900.79,5113550000
5/18/2022,4051.98,4051.98,3911.91,3923.68,3923.68,5103220000
5/17/2022,4052,4090.72,4033.93,4088.85,4088.85,4841410000
5/16/2022,4013.02,4046.46,3983.99,4008.01,4008.01,4415030000
5/13/2022,3963.9,4038.88,3963.9,4023.89,4023.89,5183340000
5/12/2022,3903.95,3964.8,3858.87,3930.08,3930.08,6286450000
5/11/2022,3990.08,4049.09,3928.82,3935.18,3935.18,5816140000
5/10/2022,4035.18,4068.82,3958.17,4001.05,4001.05,5885820000
5/9/2022,4081.27,4081.27,3975.48,3991.24,3991.24,5954520000
5/6/2022,4128.17,4157.69,4067.91,4123.34,4123.34,5116940000
5/5/2022,4270.43,4270.43,4106.01,4146.87,4146.87,5077030000
5/4/2022,4181.18,4307.66,4148.91,4300.17,4300.17,5136360000
5/3/2022,4159.78,4200.1,4147.08,4175.48,4175.48,4582050000
5/2/2022,4130.61,4169.81,4062.51,4155.38,4155.38,5163790000
4/29/2022,4253.75,4269.68,4124.28,4131.93,4131.93,5084030000
4/28/2022,4222.58,4308.45,4188.63,4287.5,4287.5,4854180000
4/27/2022,4186.52,4240.71,4162.9,4183.96,4183.96,4769680000
4/26/2022,4278.14,4278.14,4175.04,4175.2,4175.2,4689970000
4/25/2022,4255.34,4299.02,4200.82,4296.12,4296.12,5240040000
4/22/2022,4385.83,4385.83,4267.62,4271.78,4271.78,4651940000
4/21/2022,4489.17,4512.94,4384.47,4393.66,4393.66,4636890000
4/20/2022,4472.26,4488.29,4448.76,4459.45,4459.45,4290450000
4/19/2022,4390.63,4471.03,4390.63,4462.21,4462.21,4108120000
4/18/2022,4385.63,4410.31,4370.3,4391.69,4391.69,3910490000
4/14/2022,4449.12,4460.46,4390.77,4392.59,4392.59,4083090000
4/13/2022,4394.3,4453.92,4392.7,4446.59,4446.59,3828150000
4/12/2022,4437.59,4471,4381.34,4397.45,4397.45,4152090000
4/11/2022,4462.64,4464.35,4408.38,4412.53,4412.53,4266290000
4/8/2022,4494.15,4520.41,4474.6,4488.28,4488.28,4083200000
4/7/2022,4474.65,4521.16,4450.3,4500.21,4500.21,4821490000
4/6/2022,4494.17,4503.94,4450.04,4481.15,4481.15,4986830000
4/5/2022,4572.45,4593.45,4514.17,4525.12,4525.12,4800620000
4/4/2022,4547.97,4583.5,4539.21,4582.64,4582.64,4547350000
4/1/2022,4540.32,4548.7,4507.57,4545.86,4545.86,4562940000
3/31/2022,4599.02,4603.07,4530.41,4530.41,4530.41,4823020000
3/30/2022,4624.2,4627.77,4581.32,4602.45,4602.45,4385570000
3/29/2022,4602.86,4637.3,4589.66,4631.6,4631.6,5085910000
3/28/2022,4541.09,4575.65,4517.69,4575.52,4575.52,4312260000
3/25/2022,4522.91,4546.03,4501.07,4543.06,4543.06,4305020000
3/24/2022,4469.98,4520.58,4465.17,4520.16,4520.16,4131390000
3/23/2022,4493.1,4501.07,4455.81,4456.24,4456.24,4550670000
3/22/2022,4469.1,4522,4469.1,4511.61,4511.61,4754840000
3/21/2022,4462.4,4481.75,4424.3,4461.18,4461.18,4869820000
3/18/2022,4407.34,4465.4,4390.57,4463.12,4463.12,8278430000
3/17/2022,4345.11,4412.67,4335.65,4411.67,4411.67,4985090000
3/16/2022,4288.14,4358.9,4251.99,4357.86,4357.86,6309750000
3/15/2022,4188.82,4271.05,4187.9,4262.45,4262.45,5392470000
3/14/2022,4202.75,4247.57,4161.72,4173.11,4173.11,5574920000
3/11/2022,4279.5,4291.01,4200.49,4204.31,4204.31,4938640000
3/10/2022,4252.55,4268.28,4209.8,4259.52,4259.52,4980830000
3/9/2022,4223.1,4299.4,4223.1,4277.88,4277.88,5662670000
3/8/2022,4202.66,4276.94,4157.87,4170.7,4170.7,7243120000
3/7/2022,4327.01,4327.01,4199.85,4201.09,4201.09,6940470000
3/4/2022,4342.12,4342.12,4284.98,4328.87,4328.87,5797380000
3/3/2022,4401.31,4416.78,4345.56,4363.49,4363.49,5039890000
3/2/2022,4322.56,4401.48,4322.56,4386.54,4386.54,5337870000
3/1/2022,4363.14,4378.45,4279.54,4306.26,4306.26,5846230000
2/28/2022,4354.17,4388.84,4315.12,4373.94,4373.94,6071370000
2/25/2022,4298.38,4385.34,4286.83,4384.65,4384.65,5177060000
2/24/2022,4155.77,4294.73,4114.65,4288.7,4288.7,6752130000
2/23/2022,4324.93,4341.51,4221.51,4225.5,4225.5,4797430000
2/22/2022,4332.74,4362.12,4267.11,4304.76,4304.76,5121900000
2/18/2022,4384.57,4394.6,4327.22,4348.87,4348.87,4708060000
2/17/2022,4456.06,4456.06,4373.81,4380.26,4380.26,4539420000
2/16/2022,4455.75,4489.55,4429.68,4475.01,4475.01,4283640000
2/15/2022,4429.28,4472.77,4429.28,4471.07,4471.07,4430830000
2/14/2022,4412.61,4426.22,4364.84,4401.67,4401.67,4600390000
2/11/2022,4506.27,4526.33,4401.41,4418.64,4418.64,5251500000
2/10/2022,4553.24,4588.92,4484.31,4504.08,4504.08,5314860000
2/9/2022,4547,4590.03,4547,4587.18,4587.18,4524350000
2/8/2022,4480.02,4531.32,4465.4,4521.54,4521.54,4459620000
2/7/2022,4505.75,4521.86,4471.47,4483.87,4483.87,4228480000
2/4/2022,4482.79,4539.66,4451.5,4500.53,4500.53,4706290000
2/3/2022,4535.41,4542.88,4470.39,4477.44,4477.44,4401970000
2/2/2022,4566.39,4595.31,4544.32,4589.38,4589.38,4481580000
2/1/2022,4519.57,4550.49,4483.53,4546.54,4546.54,4816830000
1/31/2022,4431.79,4516.89,4414.02,4515.55,4515.55,5098610000
1/28/2022,4336.19,4432.72,4292.46,4431.85,4431.85,5031090000
1/27/2022,4380.58,4428.74,4309.5,4326.51,4326.51,5214200000
1/26/2022,4408.43,4453.23,4304.8,4349.93,4349.93,5570640000
1/25/2022,4366.64,4411.01,4287.11,4356.45,4356.45,5145050000
1/24/2022,4356.32,4417.35,4222.62,4410.13,4410.13,6928110000
1/21/2022,4471.38,4494.52,4395.34,4397.94,4397.94,5589100000
1/20/2022,4547.35,4602.11,4477.95,4482.73,4482.73,4640870000
1/19/2022,4588.03,4611.55,4530.2,4532.76,4532.76,4465740000
1/18/2022,4632.24,4632.24,4568.7,4577.11,4577.11,4748700000
1/14/2022,4637.99,4665.13,4614.75,4662.85,4662.85,4338490000
1/13/2022,4733.56,4744.13,4650.29,4659.03,4659.03,4251730000
1/12/2022,4728.59,4748.83,4706.71,4726.35,4726.35,4048220000
1/11/2022,4669.14,4714.13,4638.27,4713.07,4713.07,4101590000
1/10/2022,4655.34,4673.02,4582.24,4670.29,4670.29,4511810000
1/7/2022,4697.66,4707.95,4662.74,4677.03,4677.03,4181510000
1/6/2022,4693.39,4725.01,4671.26,4696.05,4696.05,4295280000
1/5/2022,4787.99,4797.7,4699.44,4700.58,4700.58,4887960000
1/4/2022,4804.51,4818.62,4774.27,4793.54,4793.54,4683170000
1/3/2022,4778.14,4796.64,4758.17,4796.56,4796.56,3831020000
12/31/2021,4775.21,4786.83,4765.75,4766.18,4766.18,2677820000
12/30/2021,4794.23,4808.93,4775.33,4778.73,4778.73,3124950000
12/29/2021,4788.64,4804.06,4778.08,4793.06,4793.06,2963310000
12/28/2021,4795.49,4807.02,4780.04,4786.35,4786.35,2707920000
12/27/2021,4733.99,4791.49,4733.99,4791.19,4791.19,2770290000
12/23/2021,4703.96,4740.74,4703.96,4725.79,4725.79,2913040000
12/22/2021,4650.36,4697.67,4645.53,4696.56,4696.56,3319610000
12/21/2021,4594.96,4651.14,4583.16,4649.23,4649.23,4072430000
12/20/2021,4587.9,4587.9,4531.1,4568.02,4568.02,4635700000
12/17/2021,4652.5,4666.7,4600.22,4620.64,4620.64,7987090000
12/16/2021,4719.13,4731.99,4651.89,4668.67,4668.67,4829500000
12/15/2021,4636.46,4712.6,4611.22,4709.85,4709.85,4910130000
12/14/2021,4642.99,4660.47,4606.52,4634.09,4634.09,4485430000
12/13/2021,4710.3,4710.3,4667.6,4668.97,4668.97,4397230000
12/10/2021,4687.64,4713.57,4670.24,4712.02,4712.02,3870110000
12/9/2021,4691,4695.26,4665.98,4667.45,4667.45,3903840000
12/8/2021,4690.86,4705.06,4674.52,4701.21,4701.21,4234600000
12/7/2021,4631.97,4694.04,4631.97,4686.75,4686.75,4492400000
12/6/2021,4548.37,4612.6,4540.51,4591.67,4591.67,4770800000
12/3/2021,4589.49,4608.03,4495.12,4538.43,4538.43,5240070000
12/2/2021,4504.73,4595.46,4504.73,4577.1,4577.1,5077180000
12/1/2021,4602.82,4652.94,4510.27,4513.04,4513.04,5366730000
11/30/2021,4640.25,4646.02,4560,4567,4567,6625990000
11/29/2021,4628.75,4672.95,4625.26,4655.27,4655.27,4336410000
11/26/2021,4664.63,4664.63,4585.43,4594.62,4594.62,3517700000
11/24/2021,4675.78,4702.87,4659.89,4701.46,4701.46,3418430000
11/23/2021,4678.48,4699.39,4652.66,4690.7,4690.7,4277590000
11/22/2021,4712,4743.83,4682.17,4682.94,4682.94,4441100000
11/19/2021,4708.44,4717.75,4694.22,4697.96,4697.96,4253180000
11/18/2021,4700.72,4708.8,4672.78,4704.54,4704.54,4226410000
11/17/2021,4701.5,4701.5,4684.41,4688.67,4688.67,3969070000
11/16/2021,4679.42,4714.95,4679.42,4700.9,4700.9,3972640000
11/15/2021,4689.3,4697.42,4672.86,4682.8,4682.8,3488410000
11/12/2021,4655.24,4688.47,4650.77,4682.85,4682.85,3728600000
11/11/2021,4659.39,4664.55,4648.31,4649.27,4649.27,3926870000
11/10/2021,4670.26,4684.85,4630.86,4646.71,4646.71,4503720000
11/9/2021,4707.25,4708.53,4670.87,4685.25,4685.25,4117080000
11/8/2021,4701.48,4714.92,4694.39,4701.7,4701.7,4269710000
11/5/2021,4699.26,4718.5,4681.32,4697.53,4697.53,4467180000
11/4/2021,4662.93,4683,4662.59,4680.06,4680.06,4462300000
11/3/2021,4630.65,4663.46,4621.19,4660.57,4660.57,4319660000
11/2/2021,4613.34,4635.15,4613.34,4630.65,4630.65,3975250000
11/1/2021,4610.62,4620.34,4595.06,4613.67,4613.67,3971540000
10/29/2021,4572.87,4608.08,4567.59,4605.38,4605.38,4510200000
10/28/2021,4562.84,4597.55,4562.84,4596.42,4596.42,4132950000
10/27/2021,4580.22,4584.57,4551.66,4551.68,4551.68,4226050000
10/26/2021,4578.69,4598.53,4569.17,4574.79,4574.79,3879740000
10/25/2021,4553.69,4572.62,4537.36,4566.48,4566.48,3899400000
10/22/2021,4546.12,4559.67,4524,4544.9,4544.9,3758220000
10/21/2021,4532.24,4551.44,4526.89,4549.78,4549.78,3822330000
10/20/2021,4524.42,4540.87,4524.4,4536.19,4536.19,3670760000
10/19/2021,4497.34,4520.4,4496.41,4519.63,4519.63,3459130000
10/18/2021,4463.72,4488.75,4447.47,4486.46,4486.46,3662010000
10/15/2021,4447.69,4475.82,4447.69,4471.37,4471.37,3819380000
10/14/2021,4386.75,4439.73,4386.75,4438.26,4438.26,3598280000
10/13/2021,4358.01,4372.87,4329.92,4363.8,4363.8,3620070000
10/12/2021,4368.31,4374.89,4342.09,4350.65,4350.65,3558450000
10/11/2021,4385.44,4415.88,4360.59,4361.19,4361.19,3281970000
10/8/2021,4406.51,4412.02,4386.22,4391.34,4391.34,3280160000
10/7/2021,4383.73,4429.97,4383.73,4399.76,4399.76,3843740000
10/6/2021,4319.57,4365.57,4290.49,4363.55,4363.55,4009630000
10/5/2021,4309.87,4369.23,4309.87,4345.72,4345.72,3902890000
10/4/2021,4348.84,4355.51,4278.94,4300.46,4300.46,4307870000
10/1/2021,4317.16,4375.19,4288.52,4357.04,4357.04,4010370000
9/30/2021,4370.67,4382.55,4306.24,4307.54,4307.54,4448140000
9/29/2021,4362.41,4385.57,4355.08,4359.46,4359.46,3712660000
9/28/2021,4419.54,4419.54,4346.33,4352.63,4352.63,4416550000
9/27/2021,4442.12,4457.3,4436.19,4443.11,4443.11,4058650000
9/24/2021,4438.04,4463.12,4430.27,4455.48,4455.48,3384290000
9/23/2021,4406.75,4465.4,4406.75,4448.98,4448.98,3916350000
9/22/2021,4367.43,4416.75,4367.43,4395.64,4395.64,3939170000
9/21/2021,4374.45,4394.87,4347.96,4354.19,4354.19,3920920000
9/20/2021,4402.95,4402.95,4305.91,4357.73,4357.73,4898070000
9/17/2021,4469.74,4471.52,4427.76,4432.99,4432.99,7289530000
9/16/2021,4477.09,4485.87,4443.8,4473.75,4473.75,3984560000
9/15/2021,4447.49,4486.87,4438.37,4480.7,4480.7,4032020000
9/14/2021,4479.33,4485.68,4435.46,4443.05,4443.05,3670460000
9/13/2021,4474.81,4492.99,4445.7,4468.73,4468.73,3914220000
9/10/2021,4506.92,4520.47,4457.66,4458.58,4458.58,3623180000
9/9/2021,4513.02,4529.9,4492.07,4493.28,4493.28,3735390000
9/8/2021,4518.09,4521.79,4493.95,4514.07,4514.07,3750880000
9/7/2021,4535.38,4535.38,4513,4520.03,4520.03,3822960000
9/3/2021,4532.42,4541.45,4521.3,4535.43,4535.43,3217530000
9/2/2021,4534.48,4545.85,4524.66,4536.95,4536.95,3735990000
9/1/2021,4528.8,4537.11,4522.02,4524.09,4524.09,4057340000
8/31/2021,4529.75,4531.39,4515.8,4522.68,4522.68,4290710000
8/30/2021,4513.76,4537.36,4513.76,4528.79,4528.79,3168660000
8/27/2021,4474.1,4513.33,4474.1,4509.37,4509.37,3331200000
8/26/2021,4493.75,4495.9,4468.99,4470,4470,3263980000
8/25/2021,4490.45,4501.71,4485.66,4496.19,4496.19,3444700000
8/24/2021,4484.4,4492.81,4482.28,4486.23,4486.23,3979220000
8/23/2021,4450.29,4489.88,4450.29,4479.53,4479.53,3576530000
8/20/2021,4410.56,4444.35,4406.8,4441.67,4441.67,3652610000
8/19/2021,4382.44,4418.61,4367.73,4405.8,4405.8,4398410000
8/18/2021,4440.94,4454.32,4397.59,4400.27,4400.27,3755590000
8/17/2021,4462.12,4462.12,4417.83,4448.08,4448.08,3836960000
8/16/2021,4461.65,4480.26,4437.66,4479.71,4479.71,3370640000
8/13/2021,4464.84,4468.37,4460.82,4468,4468,3016470000
8/12/2021,4446.08,4461.77,4435.96,4460.83,4460.83,3375310000
8/11/2021,4442.18,4449.44,4436.42,4442.41,4442.41,3532560000
8/10/2021,4435.79,4445.21,4430.03,4436.75,4436.75,3886610000
8/9/2021,4437.77,4439.39,4424.74,4432.35,4432.35,3449280000
8/6/2021,4429.07,4440.82,4429.07,4436.52,4436.52,3451870000
8/5/2021,4408.86,4429.76,4408.86,4429.1,4429.1,3769410000
8/4/2021,4415.95,4416.17,4400.23,4402.66,4402.66,4260760000
8/3/2021,4392.74,4423.79,4373,4423.15,4423.15,3965190000
8/2/2021,4406.86,4422.18,4384.81,4387.16,4387.16,3724090000
7/30/2021,4395.12,4412.25,4389.65,4395.26,4395.26,3956740000
7/29/2021,4403.59,4429.97,4403.59,4419.15,4419.15,4044600000
7/28/2021,4402.95,4415.47,4387.01,4400.64,4400.64,4215290000
7/27/2021,4416.38,4416.38,4372.51,4401.46,4401.46,4241950000
7/26/2021,4409.58,4422.73,4405.45,4422.3,4422.3,4275630000
7/23/2021,4381.2,4415.18,4381.2,4411.79,4411.79,4540070000
7/22/2021,4361.27,4369.87,4350.06,4367.48,4367.48,3358300000
7/21/2021,4331.13,4359.7,4331.13,4358.69,4358.69,3810280000
7/20/2021,4265.11,4336.84,4262.05,4323.06,4323.06,4438270000
7/19/2021,4296.4,4296.4,4233.13,4258.49,4258.49,5157660000
7/16/2021,4367.43,4375.09,4322.53,4327.16,4327.16,3985700000
7/15/2021,4369.02,4369.02,4340.7,4360.03,4360.03,3905230000
7/14/2021,4380.11,4393.68,4362.36,4374.3,4374.3,4006370000
7/13/2021,4381.07,4392.37,4366.92,4369.21,4369.21,3695430000
7/12/2021,4372.41,4386.68,4364.03,4384.63,4384.63,3384460000
7/9/2021,4329.38,4371.6,4329.38,4369.55,4369.55,3531120000
7/8/2021,4321.07,4330.88,4289.37,4320.82,4320.82,4347500000
7/7/2021,4351.01,4361.88,4329.79,4358.13,4358.13,4037380000
7/6/2021,4356.46,4356.46,4314.37,4343.54,4343.54,4309570000
7/2/2021,4326.6,4355.43,4326.6,4352.34,4352.34,3225840000
7/1/2021,4300.73,4320.66,4300.73,4319.94,4319.94,3788230000
6/30/2021,4290.65,4302.43,4287.96,4297.5,4297.5,4266040000
6/29/2021,4293.21,4300.52,4287.04,4291.8,4291.8,3707150000
6/28/2021,4284.9,4292.14,4274.67,4290.61,4290.61,4147890000
6/25/2021,4274.45,4286.12,4271.16,4280.7,4280.7,7341450000
6/24/2021,4256.97,4271.28,4256.97,4266.49,4266.49,3816660000
6/23/2021,4249.27,4256.6,4241.43,4241.84,4241.84,3730350000
6/22/2021,4224.61,4255.84,4217.27,4246.44,4246.44,3828390000
6/21/2021,4173.4,4226.24,4173.4,4224.79,4224.79,4128950000
6/18/2021,4204.78,4204.78,4164.4,4166.45,4166.45,6817010000
6/17/2021,4220.37,4232.29,4196.05,4221.86,4221.86,5312680000
6/16/2021,4248.87,4251.89,4202.45,4223.7,4223.7,4538350000
6/15/2021,4255.28,4257.16,4238.35,4246.59,4246.59,4048940000
6/14/2021,4248.31,4255.59,4234.07,4255.15,4255.15,4151200000
6/11/2021,4242.9,4248.38,4232.25,4247.44,4247.44,3815010000
6/10/2021,4228.56,4249.74,4220.34,4239.18,4239.18,4408210000
6/9/2021,4232.99,4237.09,4218.74,4219.55,4219.55,4713260000
6/8/2021,4233.81,4236.74,4208.41,4227.26,4227.26,4659620000
6/7/2021,4229.34,4232.34,4215.66,4226.52,4226.52,4476920000
6/4/2021,4206.05,4233.45,4206.05,4229.89,4229.89,4139790000
6/3/2021,4191.43,4204.39,4167.93,4192.85,4192.85,5587970000
6/2/2021,4206.82,4217.37,4198.27,4208.12,4208.12,5833670000
6/1/2021,4216.52,4234.12,4197.59,4202.04,4202.04,5074670000
5/28/2021,4210.77,4218.36,4203.57,4204.11,4204.11,4649250000
5/27/2021,4201.94,4213.38,4197.78,4200.88,4200.88,6406310000
5/26/2021,4191.59,4202.61,4184.11,4195.99,4195.99,4420890000
5/25/2021,4205.94,4213.42,4182.52,4188.13,4188.13,4182250000
5/24/2021,4170.16,4209.52,4170.16,4197.05,4197.05,3684800000
5/21/2021,4168.61,4188.72,4151.72,4155.86,4155.86,3995250000
5/20/2021,4121.97,4172.8,4121.97,4159.12,4159.12,3978880000
5/19/2021,4098.45,4116.93,4061.41,4115.68,4115.68,4247450000
5/18/2021,4165.94,4169.15,4125.99,4127.83,4127.83,4398150000
5/17/2021,4169.92,4171.92,4142.69,4163.29,4163.29,4125050000
5/14/2021,4129.58,4183.13,4129.58,4173.85,4173.85,4008880000
5/13/2021,4074.99,4131.58,4074.99,4112.5,4112.5,4779540000
5/12/2021,4130.55,4134.73,4056.88,4063.04,4063.04,4733070000
5/11/2021,4150.34,4162.04,4111.53,4152.1,4152.1,4870710000
5/10/2021,4228.29,4236.39,4188.13,4188.43,4188.43,4560700000
5/7/2021,4210.34,4238.04,4201.64,4232.6,4232.6,4016080000
5/6/2021,4169.14,4202.7,4147.33,4201.62,4201.62,4511000000
5/5/2021,4177.06,4187.72,4160.94,4167.59,4167.59,4230920000
5/4/2021,4179.04,4179.04,4128.59,4164.66,4164.66,4452460000
5/3/2021,4191.98,4209.39,4188.03,4192.66,4192.66,4070220000
4/30/2021,4198.1,4198.1,4174.85,4181.17,4181.17,4300880000
4/29/2021,4206.14,4218.78,4176.81,4211.47,4211.47,4298680000
4/28/2021,4185.14,4201.53,4181.78,4183.18,4183.18,3787360000
4/27/2021,4188.25,4193.35,4176.22,4186.72,4186.72,3710700000
4/26/2021,4185.03,4194.19,4182.36,4187.62,4187.62,3748320000
4/23/2021,4138.78,4194.17,4138.78,4180.17,4180.17,3569880000
4/22/2021,4170.46,4179.57,4123.69,4134.98,4134.98,4245140000
4/21/2021,4128.42,4175.02,4126.35,4173.42,4173.42,3887250000
4/20/2021,4159.18,4159.18,4118.38,4134.94,4134.94,4342650000
4/19/2021,4179.8,4180.81,4150.47,4163.26,4163.26,3810290000
4/16/2021,4174.14,4191.31,4170.75,4185.47,4185.47,4163820000
4/15/2021,4139.76,4173.49,4139.76,4170.42,4170.42,4033420000
4/14/2021,4141.58,4151.69,4120.87,4124.66,4124.66,3985350000
4/13/2021,4130.1,4148,4124.43,4141.59,4141.59,3734720000
4/12/2021,4124.71,4131.76,4114.82,4127.99,4127.99,3588900000
4/9/2021,4096.11,4129.48,4095.51,4128.8,4128.8,3640390000
4/8/2021,4089.95,4098.19,4082.54,4097.17,4097.17,3907100000
4/7/2021,4074.29,4083.13,4068.31,4079.95,4079.95,4120810000
4/6/2021,4075.57,4086.23,4068.14,4073.94,4073.94,4081270000
4/5/2021,4034.44,4083.42,4034.44,4077.91,4077.91,4005030000
4/1/2021,3992.78,4020.63,3992.78,4019.87,4019.87,4162130000
3/31/2021,3967.25,3994.41,3966.98,3972.89,3972.89,4578050000
3/30/2021,3963.34,3968.01,3944.35,3958.55,3958.55,4121510000
3/29/2021,3969.31,3981.83,3943.25,3971.09,3971.09,4628180000
3/26/2021,3917.12,3978.19,3917.12,3974.54,3974.54,5483160000
3/25/2021,3879.34,3919.54,3853.5,3909.52,3909.52,4948340000
3/24/2021,3919.93,3942.08,3889.07,3889.14,3889.14,4783020000
3/23/2021,3937.6,3949.13,3901.57,3910.52,3910.52,4669010000
3/22/2021,3916.48,3955.31,3914.16,3940.59,3940.59,4316260000
3/19/2021,3913.14,3930.12,3886.75,3913.1,3913.1,7757420000
3/18/2021,3953.5,3969.62,3910.86,3915.46,3915.46,5118590000
3/17/2021,3949.57,3983.87,3935.74,3974.12,3974.12,4561660000
3/16/2021,3973.59,3981.04,3953.44,3962.71,3962.71,4613080000
3/15/2021,3942.96,3970.08,3923.54,3968.94,3968.94,4900100000
3/12/2021,3924.52,3944.99,3915.21,3943.34,3943.34,4476280000
3/11/2021,3915.54,3960.27,3915.54,3939.34,3939.34,5312880000
3/10/2021,3891.99,3917.35,3885.73,3898.81,3898.81,5847380000
3/9/2021,3851.93,3903.76,3851.93,3875.44,3875.44,5513560000
3/8/2021,3844.39,3881.06,3819.25,3821.35,3821.35,5871710000
3/5/2021,3793.58,3851.69,3730.19,3841.94,3841.94,6851070000
3/4/2021,3818.53,3843.67,3723.34,3768.47,3768.47,7195400000
3/3/2021,3863.99,3874.47,3818.86,3819.72,3819.72,6173660000
3/2/2021,3903.64,3906.41,3868.57,3870.29,3870.29,5536010000
3/1/2021,3842.51,3914.5,3842.51,3901.82,3901.82,5114820000
2/26/2021,3839.66,3861.08,3789.54,3811.15,3811.15,6526070000
2/25/2021,3915.8,3925.02,3814.04,3829.34,3829.34,6547470000
2/24/2021,3873.71,3928.65,3859.6,3925.43,3925.43,6012790000
2/23/2021,3857.07,3895.98,3805.59,3881.37,3881.37,6296610000
2/22/2021,3885.55,3902.92,3874.71,3876.5,3876.5,5917100000
2/19/2021,3921.16,3930.41,3903.07,3906.71,3906.71,4845320000
2/18/2021,3915.86,3921.98,3885.03,3913.97,3913.97,4793650000
2/17/2021,3918.5,3933.61,3900.43,3931.33,3931.33,4730650000
2/16/2021,3939.61,3950.43,3923.85,3932.59,3932.59,5058990000
2/12/2021,3911.65,3937.23,3905.78,3934.83,3934.83,4135060000
2/11/2021,3916.4,3925.99,3890.39,3916.38,3916.38,4590960000
2/10/2021,3920.78,3931.5,3884.94,3909.88,3909.88,4837070000
2/9/2021,3910.49,3918.35,3902.64,3911.23,3911.23,4568320000
2/8/2021,3892.59,3915.77,3892.59,3915.59,3915.59,4648360000
2/5/2021,3878.3,3894.56,3874.93,3886.83,3886.83,4879470000
2/4/2021,3836.66,3872.42,3836.66,3871.74,3871.74,4879240000
2/3/2021,3840.27,3847.51,3816.68,3830.17,3830.17,4864870000
2/2/2021,3791.84,3843.09,3791.84,3826.31,3826.31,5514090000
2/1/2021,3731.17,3784.32,3725.62,3773.86,3773.86,5436230000
1/29/2021,3778.05,3778.05,3694.12,3714.24,3714.24,6643370000
1/28/2021,3755.75,3830.5,3755.75,3787.38,3787.38,6992770000
1/27/2021,3836.83,3836.83,3732.48,3750.77,3750.77,9976520000
1/26/2021,3862.96,3870.9,3847.78,3849.62,3849.62,6137500000
1/25/2021,3851.68,3859.23,3797.16,3855.36,3855.36,7000840000
1/22/2021,3844.24,3852.31,3830.41,3841.47,3841.47,5110890000
1/21/2021,3857.46,3861.45,3845.05,3853.07,3853.07,4501760000
1/20/2021,3816.22,3859.75,3816.22,3851.85,3851.85,4566190000
1/19/2021,3781.88,3804.53,3780.37,3798.91,3798.91,5014440000
1/15/2021,3788.73,3788.73,3749.62,3768.25,3768.25,5369820000
1/14/2021,3814.98,3823.6,3792.86,3795.54,3795.54,5198480000
1/13/2021,3802.23,3820.96,3791.5,3809.84,3809.84,4602510000
1/12/2021,3801.62,3810.78,3776.51,3801.19,3801.19,4994950000
1/11/2021,3803.14,3817.86,3789.02,3799.61,3799.61,4465430000
1/8/2021,3815.05,3826.69,3783.6,3824.68,3824.68,4773040000
1/7/2021,3764.71,3811.55,3764.71,3803.79,3803.79,5099160000
1/6/2021,3712.2,3783.04,3705.34,3748.14,3748.14,6064110000
1/5/2021,3698.02,3737.83,3695.07,3726.86,3726.86,4591020000
1/4/2021,3764.61,3769.99,3662.71,3700.65,3700.65,5015000000
12/31/2020,3733.27,3760.2,3726.88,3756.07,3756.07,3179040000
12/30/2020,3736.19,3744.63,3730.21,3732.04,3732.04,3154850000
12/29/2020,3750.01,3756.12,3723.31,3727.04,3727.04,3393290000
12/28/2020,3723.03,3740.51,3723.03,3735.36,3735.36,3535460000
12/24/2020,3694.03,3703.82,3689.32,3703.06,3703.06,1883780000
12/23/2020,3693.42,3711.24,3689.28,3690.01,3690.01,3779160000
12/22/2020,3698.08,3698.26,3676.16,3687.26,3687.26,4053310000
12/21/2020,3684.28,3702.9,3636.48,3694.92,3694.92,4748580000
12/18/2020,3722.39,3726.7,3685.84,3709.41,3709.41,7097100000
12/17/2020,3713.65,3725.12,3710.87,3722.48,3722.48,4192810000
12/16/2020,3696.25,3711.27,3688.57,3701.17,3701.17,4067040000
12/15/2020,3666.41,3695.29,3659.62,3694.62,3694.62,4387080000
12/14/2020,3675.27,3697.61,3645.84,3647.49,3647.49,4623850000
12/11/2020,3656.08,3665.91,3633.4,3663.46,3663.46,4375470000
12/10/2020,3659.13,3678.49,3645.18,3668.1,3668.1,4658480000
12/9/2020,3705.98,3712.39,3660.54,3672.82,3672.82,5232800000
12/8/2020,3683.05,3708.45,3678.83,3702.25,3702.25,4584390000
12/7/2020,3694.73,3697.41,3678.88,3691.96,3691.96,4804500000
12/4/2020,3670.94,3699.2,3670.94,3699.12,3699.12,5099620000
12/3/2020,3668.28,3682.73,3657.17,3666.72,3666.72,5065340000
12/2/2020,3653.78,3670.96,3644.84,3669.01,3669.01,5041250000
12/1/2020,3645.87,3678.45,3645.87,3662.45,3662.45,5418480000
11/30/2020,3634.18,3634.18,3594.39,3621.63,3621.63,6308410000
11/27/2020,3638.55,3644.31,3629.33,3638.35,3638.35,2778390000
11/25/2020,3635.5,3635.5,3617.76,3629.65,3629.65,4910440000
11/24/2020,3594.52,3642.31,3594.52,3635.41,3635.41,6280290000
11/23/2020,3566.82,3589.81,3552.77,3577.59,3577.59,5057550000
11/20/2020,3579.31,3581.23,3556.85,3557.54,3557.54,4236370000
11/19/2020,3559.41,3585.22,3543.84,3581.87,3581.87,4363370000
11/18/2020,3612.09,3619.09,3567.33,3567.79,3567.79,5284810000
11/17/2020,3610.31,3623.11,3588.68,3609.53,3609.53,4812180000
11/16/2020,3600.16,3628.51,3600.16,3626.91,3626.91,5295510000
11/13/2020,3552.57,3593.66,3552.57,3585.15,3585.15,4719580000
11/12/2020,3562.67,3569.02,3518.58,3537.01,3537.01,4909660000
11/11/2020,3563.22,3581.16,3557,3572.66,3572.66,4635560000
11/10/2020,3543.26,3557.22,3511.91,3545.53,3545.53,6037470000
11/9/2020,3583.04,3645.99,3547.48,3550.5,3550.5,8570510000
11/6/2020,3508.34,3521.58,3484.34,3509.44,3509.44,4842460000
11/5/2020,3485.74,3529.05,3485.74,3510.45,3510.45,4858150000
11/4/2020,3406.46,3486.25,3405.17,3443.44,3443.44,4790400000
11/3/2020,3336.25,3389.49,3336.25,3369.16,3369.16,4241380000
11/2/2020,3296.2,3330.14,3279.74,3310.24,3310.24,4314690000
10/30/2020,3293.59,3304.93,3233.94,3269.96,3269.96,4843930000
10/29/2020,3277.17,3341.05,3259.82,3310.11,3310.11,4911860000
10/28/2020,3342.48,3342.48,3268.89,3271.03,3271.03,5139970000
10/27/2020,3403.15,3409.51,3388.71,3390.68,3390.68,3962400000
10/26/2020,3441.42,3441.42,3364.86,3400.97,3400.97,4002210000
10/23/2020,3464.9,3466.46,3440.45,3465.39,3465.39,3651600000
10/22/2020,3438.5,3460.53,3415.34,3453.49,3453.49,4172060000
10/21/2020,3439.91,3464.86,3433.06,3435.56,3435.56,4103960000
10/20/2020,3439.38,3476.93,3435.65,3443.12,3443.12,3917850000
10/19/2020,3493.66,3502.42,3419.93,3426.92,3426.92,4091080000
10/16/2020,3493.5,3515.76,3480.45,3483.81,3483.81,4688030000
10/15/2020,3453.72,3489.08,3440.89,3483.34,3483.34,3724550000
10/14/2020,3515.47,3527.94,3480.55,3488.67,3488.67,3858510000
10/13/2020,3534.01,3534.01,3500.86,3511.93,3511.93,3611100000
10/12/2020,3500.02,3549.85,3499.61,3534.22,3534.22,3435760000
10/9/2020,3459.67,3482.34,3458.07,3477.14,3477.14,3944090000
10/8/2020,3434.28,3447.28,3428.15,3446.83,3446.83,3867640000
10/7/2020,3384.56,3426.26,3384.56,3419.44,3419.44,3814750000
10/6/2020,3408.74,3431.56,3354.54,3360.97,3360.97,4453390000
10/5/2020,3367.27,3409.57,3367.27,3408.6,3408.6,3692720000
10/2/2020,3338.94,3369.1,3323.69,3348.42,3348.42,3975180000
10/1/2020,3385.87,3397.18,3361.39,3380.8,3380.8,4076340000
9/30/2020,3341.21,3393.56,3340.47,3363,3363,4738640000
9/29/2020,3350.92,3357.92,3327.54,3335.47,3335.47,3661590000
9/28/2020,3333.9,3360.74,3332.91,3351.6,3351.6,3950910000
9/25/2020,3236.66,3306.88,3228.44,3298.46,3298.46,3803330000
9/24/2020,3226.14,3278.7,3209.45,3246.59,3246.59,4601920000
9/23/2020,3320.11,3323.35,3232.57,3236.92,3236.92,4378650000
9/22/2020,3295.75,3320.31,3270.95,3315.57,3315.57,3974510000
9/21/2020,3285.57,3285.57,3229.1,3281.06,3281.06,4836070000
9/18/2020,3357.38,3362.27,3292.4,3319.47,3319.47,7076400000
9/17/2020,3346.86,3375.17,3328.82,3357.01,3357.01,4379840000
9/16/2020,3411.23,3428.92,3384.45,3385.49,3385.49,4718900000
9/15/2020,3407.73,3419.48,3389.25,3401.2,3401.2,4057190000
9/14/2020,3363.56,3402.93,3363.56,3383.54,3383.54,3839580000
9/11/2020,3352.7,3368.95,3310.47,3340.97,3340.97,3710090000
9/10/2020,3412.56,3425.55,3329.25,3339.19,3339.19,4208630000
9/9/2020,3369.82,3424.77,3366.84,3398.96,3398.96,3932520000
9/8/2020,3371.88,3379.97,3329.27,3331.84,3331.84,4694330000
9/4/2020,3453.6,3479.15,3349.63,3426.96,3426.96,4438720000
9/3/2020,3564.74,3564.85,3427.41,3455.06,3455.06,4911830000
9/2/2020,3543.76,3588.11,3535.23,3580.84,3580.84,4295640000
9/1/2020,3507.44,3528.03,3494.6,3526.65,3526.65,4101490000
8/31/2020,3509.73,3514.77,3493.25,3500.31,3500.31,4348280000
8/28/2020,3494.69,3509.23,3484.32,3508.01,3508.01,3868510000
8/27/2020,3485.14,3501.38,3468.35,3484.55,3484.55,3955890000
8/26/2020,3449.97,3481.07,3444.15,3478.73,3478.73,3780530000
8/25/2020,3435.95,3444.21,3425.84,3443.62,3443.62,3627650000
8/24/2020,3418.09,3432.09,3413.13,3431.28,3431.28,3743410000
8/21/2020,3386.01,3399.96,3379.31,3397.16,3397.16,3505010000
8/20/2020,3360.48,3390.8,3354.69,3385.51,3385.51,3431040000
8/19/2020,3392.51,3399.54,3369.66,3374.85,3374.85,3679480000
8/18/2020,3387.04,3395.06,3370.15,3389.78,3389.78,3669550000
8/17/2020,3380.86,3387.59,3379.22,3381.99,3381.99,3460330000
8/14/2020,3368.66,3378.51,3361.64,3372.85,3372.85,3200060000
8/13/2020,3372.95,3387.24,3363.35,3373.43,3373.43,3438730000
8/12/2020,3355.46,3387.89,3355.46,3380.35,3380.35,3772250000
8/11/2020,3370.34,3381.01,3326.44,3333.69,3333.69,4880540000
8/10/2020,3356.04,3363.29,3335.44,3360.47,3360.47,4327920000
8/7/2020,3340.05,3352.54,3328.72,3351.28,3351.28,4110030000
8/6/2020,3323.17,3351.03,3318.14,3349.16,3349.16,4278930000
8/5/2020,3317.37,3330.77,3317.37,3327.77,3327.77,4535060000
8/4/2020,3289.92,3306.84,3286.37,3306.51,3306.51,4414380000
8/3/2020,3288.26,3302.73,3284.53,3294.61,3294.61,4438940000
7/31/2020,3270.45,3272.17,3220.26,3271.12,3271.12,5007530000
7/30/2020,3231.76,3250.92,3204.13,3246.22,3246.22,4264920000
7/29/2020,3227.22,3264.74,3227.22,3258.44,3258.44,4478200000
7/28/2020,3234.27,3243.72,3216.17,3218.44,3218.44,4053180000
7/27/2020,3219.84,3241.43,3214.25,3239.41,3239.41,3970310000
7/24/2020,3218.58,3227.26,3200.05,3215.63,3215.63,3689410000
7/23/2020,3271.64,3279.99,3222.66,3235.66,3235.66,4296760000
7/22/2020,3254.86,3279.32,3253.1,3276.02,3276.02,4267160000
7/21/2020,3268.52,3277.29,3247.77,3257.3,3257.3,4556610000
7/20/2020,3224.29,3258.61,3215.16,3251.84,3251.84,3979340000
7/17/2020,3224.21,3233.52,3205.65,3224.73,3224.73,4012850000
7/16/2020,3208.36,3220.39,3198.59,3215.57,3215.57,3972860000
7/15/2020,3225.98,3238.28,3200.76,3226.56,3226.56,4686830000
7/14/2020,3141.11,3200.95,3127.66,3197.52,3197.52,4507140000
7/13/2020,3205.08,3235.32,3149.43,3155.22,3155.22,4902440000
7/10/2020,3152.47,3186.82,3136.22,3185.04,3185.04,4524190000
7/9/2020,3176.17,3179.78,3115.7,3152.05,3152.05,4843650000
7/8/2020,3153.07,3171.8,3136.53,3169.94,3169.94,4937310000
7/7/2020,3166.44,3184.15,3142.93,3145.32,3145.32,4571330000
7/6/2020,3155.29,3182.59,3155.29,3179.72,3179.72,4759160000
7/2/2020,3143.64,3165.81,3124.52,3130.01,3130.01,4197720000
7/1/2020,3105.92,3128.44,3101.17,3115.86,3115.86,4449230000
6/30/2020,3050.2,3111.51,3047.83,3100.29,3100.29,4705850000
6/29/2020,3018.59,3053.89,2999.74,3053.24,3053.24,4473970000
6/26/2020,3073.2,3073.73,3004.63,3009.05,3009.05,8107850000
6/25/2020,3046.6,3086.25,3024.01,3083.76,3083.76,4847690000
6/24/2020,3114.4,3115.01,3032.13,3050.33,3050.33,5597680000
6/23/2020,3138.7,3154.9,3127.12,3131.29,3131.29,4711850000
6/22/2020,3094.42,3120.92,3079.39,3117.86,3117.86,4686690000
6/19/2020,3140.29,3155.53,3083.11,3097.74,3097.74,8346650000
6/18/2020,3101.64,3120,3093.51,3115.34,3115.34,4448690000
6/17/2020,3136.13,3141.16,3108.03,3113.49,3113.49,4560450000
6/16/2020,3131,3153.45,3076.06,3124.74,3124.74,5845810000
6/15/2020,2993.76,3079.76,2965.66,3066.59,3066.59,5757480000
6/12/2020,3071.04,3088.42,2984.47,3041.31,3041.31,5845330000
6/11/2020,3123.53,3123.53,2999.49,3002.1,3002.1,7037320000
6/10/2020,3213.42,3223.27,3181.49,3190.14,3190.14,6598870000
6/9/2020,3213.32,3222.71,3193.11,3207.18,3207.18,6410930000
6/8/2020,3199.92,3233.13,3196,3232.39,3232.39,8498300000
6/5/2020,3163.84,3211.72,3163.84,3193.93,3193.93,8639300000
6/4/2020,3111.56,3128.91,3090.41,3112.35,3112.35,6451290000
6/3/2020,3098.9,3130.94,3098.9,3122.87,3122.87,6005560000
6/2/2020,3064.78,3081.07,3051.64,3080.82,3080.82,5197150000
6/1/2020,3038.78,3062.18,3031.54,3055.73,3055.73,4684170000
5/29/2020,3025.17,3049.17,2998.61,3044.31,3044.31,7297550000
5/28/2020,3046.61,3068.67,3023.4,3029.73,3029.73,5447020000
5/27/2020,3015.65,3036.25,2969.75,3036.13,3036.13,6398000000
5/26/2020,3004.08,3021.72,2988.17,2991.77,2991.77,5848500000
5/22/2020,2948.05,2956.76,2933.59,2955.45,2955.45,3970860000
5/21/2020,2969.95,2978.5,2938.57,2948.51,2948.51,4976620000
5/20/2020,2953.63,2980.29,2953.63,2971.61,2971.61,5005380000
5/19/2020,2948.59,2964.21,2922.35,2922.94,2922.94,4984330000
5/18/2020,2913.86,2968.09,2913.86,2953.91,2953.91,6373670000
5/15/2020,2829.95,2865.01,2816.78,2863.7,2863.7,5507700000
5/14/2020,2794.54,2852.8,2766.64,2852.5,2852.5,5651130000
5/13/2020,2865.86,2874.14,2793.15,2820,2820,6151650000
5/12/2020,2939.5,2945.82,2869.59,2870.12,2870.12,5119630000
5/11/2020,2915.46,2944.25,2903.44,2930.19,2930.19,4819730000
5/8/2020,2908.83,2932.16,2902.88,2929.8,2929.8,4876030000
5/7/2020,2878.26,2901.92,2876.48,2881.19,2881.19,5178790000
5/6/2020,2883.14,2891.11,2847.65,2848.42,2848.42,4892570000
5/5/2020,2868.88,2898.23,2863.55,2868.44,2868.44,5140290000
5/4/2020,2815.01,2844.24,2797.85,2842.74,2842.74,4735930000
5/1/2020,2869.09,2869.09,2821.61,2830.71,2830.71,4759810000
4/30/2020,2930.91,2930.91,2892.47,2912.43,2912.43,6544980000
4/29/2020,2918.46,2954.86,2912.16,2939.51,2939.51,6645640000
4/28/2020,2909.96,2921.15,2860.71,2863.39,2863.39,5691160000
4/27/2020,2854.65,2887.72,2852.89,2878.48,2878.48,5203930000
4/24/2020,2812.64,2842.71,2791.76,2836.74,2836.74,5382810000
4/23/2020,2810.42,2844.9,2794.26,2797.8,2797.8,5773530000
4/22/2020,2787.89,2815.1,2775.95,2799.31,2799.31,5084920000
4/21/2020,2784.81,2785.54,2727.1,2736.56,2736.56,5121010000
4/20/2020,2845.62,2868.98,2820.43,2823.16,2823.16,5228630000
4/17/2020,2842.43,2879.22,2830.88,2874.56,2874.56,5804810000
4/16/2020,2799.34,2806.51,2764.32,2799.55,2799.55,5228810000
4/15/2020,2795.64,2801.88,2761.54,2783.36,2783.36,5208000000
4/14/2020,2805.1,2851.85,2805.1,2846.06,2846.06,5615730000
4/13/2020,2782.46,2782.46,2721.17,2761.63,2761.63,5319530000
4/9/2020,2776.99,2818.57,2762.36,2789.82,2789.82,7899550000
4/8/2020,2685,2760.75,2663.3,2749.98,2749.98,5875710000
4/7/2020,2738.65,2756.89,2657.67,2659.41,2659.41,7050410000
4/6/2020,2578.28,2676.85,2574.57,2663.68,2663.68,6403840000
4/3/2020,2514.92,2538.18,2459.96,2488.65,2488.65,6096970000
4/2/2020,2458.54,2533.22,2455.79,2526.9,2526.9,6464190000
4/1/2020,2498.08,2522.75,2447.49,2470.5,2470.5,5964000000
3/31/2020,2614.69,2641.39,2571.15,2584.59,2584.59,6576210000
3/30/2020,2558.98,2631.8,2545.28,2626.65,2626.65,5751120000
3/27/2020,2555.87,2615.91,2520.02,2541.47,2541.47,6201670000
3/26/2020,2501.29,2637.01,2500.72,2630.07,2630.07,7766990000
3/25/2020,2457.77,2571.42,2407.53,2475.56,2475.56,8300010000
3/24/2020,2344.44,2449.71,2344.44,2447.33,2447.33,7563150000
3/23/2020,2290.71,2300.73,2191.86,2237.4,2237.4,7411380000
3/20/2020,2431.94,2453.01,2295.56,2304.92,2304.92,9053950000
3/19/2020,2393.48,2466.97,2319.78,2409.39,2409.39,7956100000
3/18/2020,2436.5,2453.57,2280.52,2398.1,2398.1,8799300000
3/17/2020,2425.66,2553.93,2367.04,2529.19,2529.19,8370250000
3/16/2020,2508.59,2562.98,2380.94,2386.13,2386.13,7805450000
3/13/2020,2569.99,2711.33,2492.37,2711.02,2711.02,8299070000
3/12/2020,2630.86,2660.95,2478.86,2480.64,2480.64,8850810000
3/11/2020,2825.6,2825.6,2707.22,2741.38,2741.38,7431200000
3/10/2020,2813.48,2882.59,2734,2882.23,2882.23,7642040000
3/9/2020,2863.89,2863.89,2734.43,2746.56,2746.56,8441290000
3/6/2020,2954.2,2985.93,2901.54,2972.37,2972.37,6555240000
3/5/2020,3075.7,3083.04,2999.83,3023.94,3023.94,5579290000
3/4/2020,3045.75,3130.97,3034.38,3130.12,3130.12,5073020000
3/3/2020,3096.46,3136.72,2976.63,3003.37,3003.37,6376510000
3/2/2020,2974.28,3090.96,2945.19,3090.23,3090.23,6381330000
2/28/2020,2916.9,2959.72,2855.84,2954.22,2954.22,8569570000
2/27/2020,3062.54,3097.07,2977.39,2978.76,2978.76,7064710000
2/26/2020,3139.9,3182.51,3108.99,3116.39,3116.39,5484650000
2/25/2020,3238.94,3246.99,3118.77,3128.21,3128.21,5596760000
2/24/2020,3257.61,3259.81,3214.65,3225.89,3225.89,4851160000
2/21/2020,3360.5,3360.76,3328.45,3337.75,3337.75,3908780000
2/20/2020,3380.45,3389.15,3341.02,3373.23,3373.23,4019180000
2/19/2020,3380.39,3393.52,3378.83,3386.15,3386.15,3614200000
2/18/2020,3369.04,3375.01,3355.61,3370.29,3370.29,3750400000
2/14/2020,3378.08,3380.69,3366.15,3380.16,3380.16,3419700000
2/13/2020,3365.9,3385.09,3360.52,3373.94,3373.94,3500890000
2/12/2020,3370.5,3381.47,3369.72,3379.45,3379.45,3930910000
2/11/2020,3365.87,3375.63,3352.72,3357.75,3357.75,3762940000
2/10/2020,3318.28,3352.26,3317.77,3352.09,3352.09,3462730000
2/7/2020,3335.54,3341.42,3322.12,3327.71,3327.71,3733920000
2/6/2020,3344.92,3347.96,3334.39,3345.78,3345.78,3887250000
2/5/2020,3324.91,3337.58,3313.75,3334.69,3334.69,4121480000
2/4/2020,3280.61,3306.92,3280.61,3297.59,3297.59,3996900000
2/3/2020,3235.66,3268.44,3235.66,3248.92,3248.92,3760460000
1/31/2020,3282.33,3282.33,3214.68,3225.52,3225.52,4529700000
1/30/2020,3256.45,3285.91,3242.8,3283.66,3283.66,3790350000
1/29/2020,3289.46,3293.47,3271.89,3273.4,3273.4,3600250000
1/28/2020,3255.35,3285.78,3253.22,3276.24,3276.24,3531570000
1/27/2020,3247.16,3258.85,3234.5,3243.63,3243.63,3831050000
1/24/2020,3333.1,3333.18,3281.53,3295.47,3295.47,3708780000
1/23/2020,3315.77,3326.88,3301.87,3325.54,3325.54,3766710000
1/22/2020,3330.02,3337.77,3320.04,3321.75,3321.75,3623780000
1/21/2020,3321.03,3329.79,3316.61,3320.79,3320.79,4104840000
1/17/2020,3323.66,3329.88,3318.86,3329.62,3329.62,3726220000
1/16/2020,3302.97,3317.11,3302.82,3316.81,3316.81,3540580000
1/15/2020,3282.27,3298.66,3280.69,3289.29,3289.29,3721490000
1/14/2020,3285.35,3294.25,3277.19,3283.15,3283.15,3687620000
1/13/2020,3271.13,3288.13,3268.43,3288.13,3288.13,3459390000
1/10/2020,3281.81,3282.99,3260.86,3265.35,3265.35,3214580000
1/9/2020,3266.03,3275.58,3263.67,3274.7,3274.7,3641230000
1/8/2020,3238.59,3267.07,3236.67,3253.05,3253.05,3726840000
1/7/2020,3241.86,3244.91,3232.43,3237.18,3237.18,3435910000
1/6/2020,3217.55,3246.84,3214.64,3246.28,3246.28,3702460000
1/3/2020,3226.36,3246.15,3222.34,3234.85,3234.85,3484700000
1/2/2020,3244.67,3258.14,3235.53,3257.85,3257.85,3459930000
