Date,Open,High,Low,Close,Adj Close,Volume
5/11/2023,141.910004,142.679993,141.25,142.669998,142.669998,272400
5/10/2023,143.940002,144.229996,143.020004,143.589996,143.589996,506600
5/9/2023,141.440002,141.759995,140.580002,140.850006,140.850006,401300
5/8/2023,137.850006,138.199997,137.289993,137.809998,137.809998,187600
5/5/2023,136.210007,137.929993,135.729996,137.539993,137.539993,223900
5/4/2023,135.199997,135.770004,134.880005,134.910004,134.910004,241800
5/3/2023,135.910004,136.429993,135.309998,135.570007,135.570007,265900
5/2/2023,135.300003,135.419998,134.25,135.160004,135.160004,221700
5/1/2023,137.330002,137.589996,136.550003,136.690002,136.690002,147400
4/28/2023,136.619995,137.339996,136.289993,137.330002,137.330002,300000
4/27/2023,135.759995,137.839996,135.759995,137.520004,137.520004,323600
4/26/2023,134.490005,134.990005,133.880005,134.020004,134.020004,324000
4/25/2023,134.75,134.940002,133.460007,133.509995,133.509995,257100
4/24/2023,134.050003,134.970001,133.889999,134.839996,134.839996,222300
4/21/2023,134.419998,134.789993,133.389999,134.669998,134.669998,165800
4/20/2023,134,134.410004,133.020004,133.800003,133.800003,513200
4/19/2023,135.899994,135.899994,134.789993,135.259995,135.259995,209500
4/18/2023,137.089996,137.339996,136.559998,137.039993,137.039993,199200
4/17/2023,136.710007,137.789993,136.660004,137.75,137.75,322200
4/14/2023,136.479996,137.119995,135.619995,135.960007,135.960007,279100
4/13/2023,137.050003,137.490005,136.300003,137.229996,137.229996,281600
4/12/2023,137.570007,137.800003,136.309998,136.440002,136.440002,283200
4/11/2023,137.539993,138.039993,137.229996,137.589996,137.589996,275900
4/10/2023,138.529999,138.649994,136.889999,138.009995,138.009995,347600
4/6/2023,139.190002,139.369995,138.210007,138.869995,138.869995,224000
4/5/2023,140.550003,141.190002,140.169998,140.419998,140.419998,220500
4/4/2023,143.039993,143.050003,141.669998,142.139999,142.139999,349200
4/3/2023,142,142.630005,141.639999,142.339996,142.339996,232900
3/31/2023,140.990005,141.759995,140.899994,141.690002,141.690002,235000
3/30/2023,140,140.360001,139.289993,139.619995,139.619995,193500
3/29/2023,139.600006,140.539993,139.309998,139.669998,139.669998,214300
3/28/2023,137.410004,138.5,137.110001,137.929993,137.929993,210700
3/27/2023,136.690002,137.309998,136.429993,136.960007,136.960007,137300
3/24/2023,136.009995,136.660004,135.199997,136.649994,136.649994,155900
3/23/2023,136.619995,137.100006,135.179993,135.869995,135.869995,129600
3/22/2023,136.070007,137.759995,135.490005,135.570007,135.570007,301600
3/21/2023,135.199997,136.169998,135,135.779999,135.779999,224500
3/20/2023,133.649994,135.809998,133.550003,135.130005,135.130005,277100
3/17/2023,135.559998,135.559998,133.270004,133.479996,133.479996,192500
3/16/2023,134.029999,136.029999,133.770004,135.899994,135.899994,190000
3/15/2023,135,135,132.350006,133.580002,133.580002,287800
3/14/2023,136.410004,136.759995,135.559998,136.669998,136.669998,221600
3/13/2023,136.410004,137.759995,136.330002,137.119995,137.119995,247400
3/10/2023,139.199997,139.339996,137.449997,137.970001,137.970001,343600
3/9/2023,140.179993,140.679993,138.259995,138.520004,138.520004,166000
3/8/2023,139.490005,139.850006,138.979996,139.710007,139.710007,138800
3/7/2023,141.279999,141.389999,138.75,139.080002,139.080002,152600
3/6/2023,140.110001,140.639999,139.960007,140.130005,140.130005,175500
3/3/2023,138.570007,139.919998,138.399994,139.830002,139.830002,244700
3/2/2023,136.119995,137.339996,136.080002,137.270004,137.270004,145100
3/1/2023,136.660004,137.490005,136.5,136.529999,136.529999,190900
2/28/2023,136.110001,136.589996,135.880005,135.919998,135.919998,212200
2/27/2023,137,137.139999,135.960007,136.25,136.25,192100
2/24/2023,137.199997,137.199997,135.479996,136.050003,136.050003,218700
2/23/2023,139.029999,139.490005,138.149994,138.949997,138.949997,198100
2/22/2023,138.699997,139.279999,138.289993,138.649994,138.649994,178200
2/21/2023,140.160004,140.580002,138.729996,139.179993,139.179993,324000
2/17/2023,142.080002,143.050003,141.820007,142.850006,142.850006,145800
2/16/2023,141.399994,143.660004,141.320007,142.699997,142.699997,303200
2/15/2023,140.410004,140.979996,140.059998,140.970001,140.970001,387800
2/14/2023,142.800003,143.119995,141.550003,142.649994,142.649994,230400
2/13/2023,142.949997,143.910004,142.559998,143.860001,143.860001,197500
2/10/2023,143.669998,143.979996,142.509995,143.419998,143.419998,230100
2/9/2023,146.360001,147.490005,144.690002,144.830002,144.830002,334000
2/8/2023,144,144.639999,143.309998,143.830002,143.830002,192400
2/7/2023,143.520004,144.970001,143.059998,144.639999,144.639999,166900
2/6/2023,144,144.399994,142.970001,143.789993,143.789993,172100
2/3/2023,145.619995,146.410004,144.449997,144.710007,144.710007,248100
2/2/2023,147,147.360001,144.610001,146.619995,146.619995,299400
2/1/2023,146.580002,149.009995,146.580002,148.580002,148.580002,213100
1/31/2023,146.300003,147.110001,145.880005,147.110001,147.110001,145700
1/30/2023,146,146.289993,145.089996,145.179993,145.179993,182400
1/27/2023,146,147.729996,145.740005,147.160004,147.160004,171800
1/26/2023,145.520004,146.190002,144.410004,145.470001,145.470001,137100
1/25/2023,145.979996,146.470001,145.210007,146.149994,146.149994,245000
1/24/2023,150.399994,150.399994,145,146.009995,146.009995,143600
1/23/2023,145.770004,146.589996,145.119995,146.029999,146.029999,231300
1/20/2023,144.919998,146.320007,144.5,146.110001,146.110001,269500
1/19/2023,144.880005,145.100006,143.619995,144.179993,144.179993,244900
1/18/2023,148,148.100006,145.070007,145.509995,145.509995,305300
1/17/2023,144.649994,145.720001,144.270004,144.770004,144.770004,383700
1/13/2023,140.419998,140.979996,139.520004,140.300003,140.300003,291500
1/12/2023,142.259995,142.740005,140.710007,142.360001,142.360001,242800
1/11/2023,139.669998,139.669998,138.630005,138.850006,138.850006,251000
1/10/2023,139,139.350006,138.169998,139.139999,139.139999,231100
1/9/2023,139.309998,141.660004,139.240005,139.940002,139.940002,229900
1/6/2023,136.139999,139.539993,135.910004,138.970001,138.970001,164900
1/5/2023,135.720001,136.240005,134.669998,135.520004,135.520004,178400
1/4/2023,138.210007,138.399994,136.649994,137.190002,137.190002,467100
1/3/2023,137.960007,138.470001,137.020004,138.279999,138.279999,309800
12/30/2022,136.880005,137.399994,136,136.580002,136.580002,168700
12/29/2022,135.940002,137.490005,135.910004,137.410004,137.410004,249400
12/28/2022,136,136.770004,133.899994,134.130005,134.130005,236900
12/27/2022,136.119995,136.970001,135.839996,136.160004,136.160004,137600
12/23/2022,137.039993,137.759995,136.190002,137.139999,137.139999,149400
12/22/2022,138.279999,138.429993,135.880005,137,137,211600
12/21/2022,137.110001,137.809998,136.690002,137.460007,137.460007,238600
12/20/2022,138.889999,140.240005,138.770004,138.830002,138.830002,178300
12/19/2022,140,140.800003,138.860001,139.610001,139.610001,191500
12/16/2022,140.279999,141.509995,140.039993,140.429993,140.429993,170200
12/15/2022,143.220001,143.820007,141.059998,141.660004,141.660004,151300
12/14/2022,146.009995,146.369995,143.800003,144.649994,144.649994,170400
12/13/2022,146.839996,147.339996,144.330002,144.5,144.5,167100
12/12/2022,143.619995,144.210007,142.75,144.119995,144.119995,130800
12/9/2022,142.490005,144.210007,142.490005,143.339996,143.339996,127900
12/8/2022,142,142.380005,141.619995,142.279999,142.279999,141000
12/7/2022,141.75,143.029999,141.350006,141.860001,141.860001,208200
12/6/2022,142.880005,142.880005,140.199997,141.089996,141.089996,242600
12/5/2022,144.759995,144.800003,142.649994,143.190002,143.190002,223400
12/2/2022,145.559998,146.610001,144.990005,146.529999,146.529999,164900
12/1/2022,147.220001,148.240005,146.580002,147.660004,147.660004,199500
11/30/2022,145.440002,147.869995,144.850006,147.690002,147.690002,171400
11/29/2022,145.259995,146.179993,144.869995,145.399994,145.399994,170200
11/28/2022,146.839996,147.699997,146.320007,146.509995,146.509995,140700
11/25/2022,147,148.649994,146.940002,148.270004,148.270004,95600
11/23/2022,146.059998,146.710007,145.25,146.710007,146.710007,198900
11/22/2022,144.630005,145.5,144.300003,145.330002,145.330002,179900
11/21/2022,142.779999,142.929993,141.949997,142.160004,142.160004,161000
11/18/2022,143.080002,143.509995,142.630005,143.190002,143.190002,130300
11/17/2022,141.210007,142.960007,141.100006,142.929993,142.929993,129800
11/16/2022,143.149994,143.240005,141.820007,142.119995,142.119995,122200
11/15/2022,144.679993,144.970001,142.929993,143.75,143.75,183400
11/14/2022,142.279999,143.399994,141.690002,142.119995,142.119995,191500
11/11/2022,142.169998,143.460007,141.509995,143.259995,143.259995,144300
11/10/2022,137.589996,140.570007,137.559998,140.520004,140.520004,211300
11/9/2022,136,136.100006,134.100006,134.529999,134.529999,194900
11/8/2022,137.360001,138.649994,136.649994,137.5,137.5,183800
11/7/2022,136.830002,137.529999,135.899994,137.259995,137.259995,216500
11/4/2022,136,137.679993,135.600006,137.350006,137.350006,210000
11/3/2022,135.190002,136.279999,134.229996,135.25,135.25,212200
11/2/2022,136.649994,138.199997,135.25,135.389999,135.389999,215900
11/1/2022,138,138,134.470001,135.160004,135.160004,251000
10/31/2022,138.580002,139.320007,137.570007,138.809998,138.809998,216800
10/28/2022,137.679993,139.789993,137.550003,139.520004,139.520004,207800
10/27/2022,137.050003,137.75,136.389999,136.470001,136.470001,194400
10/26/2022,136.889999,138.889999,136.830002,137.929993,137.929993,185600
10/25/2022,135.880005,137.910004,135.779999,137.070007,137.070007,193100
10/24/2022,133.630005,135.100006,133.139999,134.740005,134.740005,188300
10/21/2022,131.690002,133.919998,131.339996,133.759995,133.759995,313600
10/20/2022,133.639999,134.800003,132.800003,133.240005,133.240005,172000
10/19/2022,133.580002,133.889999,132.089996,132.970001,132.970001,176100
10/18/2022,135.259995,135.309998,133.220001,134.259995,134.259995,350600
10/17/2022,135.850006,136.800003,135.850006,136.160004,136.160004,206500
10/14/2022,136.399994,136.399994,134.039993,134.110001,134.110001,303500
10/13/2022,133.270004,136.800003,132.5,136.380005,136.380005,294000
10/12/2022,135.550003,136.309998,135,135,135,214900
10/11/2022,134.119995,136.850006,134.119995,135.059998,135.059998,282400
10/10/2022,135.759995,135.759995,134.259995,134.860001,134.860001,294200
10/7/2022,136.330002,136.839996,135.210007,135.850006,135.850006,292300
10/6/2022,136.350006,137.119995,136.009995,136.169998,136.169998,246200
10/5/2022,137.539993,138.520004,136.369995,138.089996,138.089996,193100
10/4/2022,138.350006,140.179993,138.270004,139.850006,139.850006,325400
10/3/2022,134.149994,136.199997,133.800003,135.589996,135.589996,368800
9/30/2022,134.210007,134.429993,130.070007,130.289993,130.289993,424900
9/29/2022,135.110001,135.149994,132.539993,133.759995,133.759995,421100
9/28/2022,134.759995,137.440002,134.350006,136.889999,136.889999,213000
9/27/2022,136.889999,137.229996,134.839996,135.740005,135.740005,303400
9/26/2022,136.130005,137.410004,135.100006,135.619995,135.619995,265800
9/23/2022,137.600006,137.610001,135.839996,137.279999,137.279999,475700
9/22/2022,140.720001,141.5,138.119995,139.050003,139.050003,388300
9/21/2022,139.5,140,137.570007,137.580002,137.580002,238100
9/20/2022,141.600006,142.149994,140.199997,140.729996,140.729996,276900
9/19/2022,140.119995,141.679993,140,141.449997,141.449997,238500
9/16/2022,140.320007,141.259995,140.190002,140.740005,140.740005,212500
9/15/2022,141.160004,142.360001,140.240005,140.449997,140.449997,239900
9/14/2022,141.539993,142.710007,140.820007,141.470001,141.470001,199500
9/13/2022,142.490005,142.949997,140.199997,140.229996,140.229996,265700
9/12/2022,144.660004,145.889999,144.660004,145.039993,145.039993,228600
9/9/2022,146.029999,146.029999,145.199997,145.589996,145.589996,159300
9/8/2022,142.610001,144.259995,142.470001,144.130005,144.130005,264500
9/7/2022,141.990005,143.509995,140.960007,143.339996,143.339996,311200
9/6/2022,145,145.330002,143.279999,143.940002,143.940002,232300
9/2/2022,147.550003,147.869995,145.080002,145.559998,145.559998,189700
9/1/2022,147.610001,147.869995,145.610001,146.800003,146.800003,268600
8/31/2022,150.550003,151.039993,149.320007,149.369995,149.369995,293400
8/30/2022,152.649994,152.770004,149.550003,150.169998,150.169998,290800
8/29/2022,151.220001,152.479996,151.199997,151.770004,151.770004,173800
8/26/2022,155.149994,155.5,151.729996,151.770004,151.770004,207300
8/25/2022,155,156,154.529999,156,156,112900
8/24/2022,153.399994,155.149994,153.210007,154.5,154.5,220600
8/23/2022,153.740005,155.279999,153.479996,153.479996,153.479996,185600
8/22/2022,155.600006,155.949997,153.949997,154.320007,154.320007,206000
8/19/2022,157.669998,157.970001,156.119995,156.460007,156.460007,184200
8/18/2022,159.479996,159.770004,158.779999,159.130005,159.130005,163400
8/17/2022,160.080002,161.679993,159.809998,160.770004,160.770004,148100
8/16/2022,159.300003,159.929993,158.580002,159.419998,159.419998,191500
8/15/2022,160.899994,160.899994,159.419998,160.460007,160.460007,142200
8/12/2022,160.050003,161.610001,159.240005,161.309998,161.309998,203700
8/11/2022,158.880005,159.729996,158.279999,158.600006,158.600006,124600
8/10/2022,156,158.350006,155.169998,157.889999,157.889999,243100
8/9/2022,155,156,152.460007,152.940002,152.940002,289200
8/8/2022,157,157.289993,156.039993,156.199997,156.199997,259900
8/5/2022,157.610001,158.020004,156.25,157.309998,157.309998,233100
8/4/2022,157.25,158.190002,156.630005,156.660004,156.660004,398500
8/3/2022,162.839996,163.880005,161.25,163.130005,163.130005,190900
8/2/2022,164.300003,165.199997,163.520004,163.660004,163.660004,215900
8/1/2022,165.580002,167.039993,165.580002,166.770004,166.770004,248600
7/29/2022,159.949997,162.779999,159.339996,162.589996,162.589996,293700
7/28/2022,158.699997,159.800003,157.699997,159.509995,159.509995,176700
7/27/2022,158.929993,160.399994,158,160.050003,160.050003,129300
7/26/2022,158.809998,159.070007,157.929993,158.059998,158.059998,154500
7/25/2022,160.050003,160.050003,158.880005,159.419998,159.419998,111700
7/22/2022,160.589996,161.169998,159.720001,160.300003,160.300003,133400
7/21/2022,158.529999,159.419998,158.089996,159.179993,159.179993,199200
7/20/2022,159.600006,159.679993,157.399994,157.899994,157.899994,255100
7/19/2022,159.169998,160.539993,158.75,160.419998,160.419998,321300
7/18/2022,157,158.130005,156.380005,156.75,156.75,228000
7/15/2022,155.690002,156.850006,154.929993,156.699997,156.699997,204300
7/14/2022,154.419998,154.419998,152.179993,153.139999,153.139999,248600
7/13/2022,154.050003,155.970001,153.910004,155.440002,155.440002,120400
7/12/2022,154.660004,156.449997,154.529999,155.429993,155.429993,179400
7/11/2022,156.600006,156.619995,155.029999,155.169998,155.169998,159700
7/8/2022,156.419998,157.330002,156.199997,156.759995,156.759995,159100
7/7/2022,155.110001,157.169998,155.020004,157.149994,157.149994,241700
7/6/2022,153.610001,153.610001,152.139999,152.830002,152.830002,223500
7/5/2022,153.149994,154.710007,152.600006,154.669998,154.669998,208500
7/1/2022,152.889999,155.589996,152.820007,155.470001,155.470001,178300
6/30/2022,153.660004,154.630005,152.399994,154.169998,154.169998,147300
6/29/2022,156.399994,156.429993,155.220001,155.669998,155.669998,108300
6/28/2022,159.259995,160.820007,157.020004,157.110001,157.110001,225700
6/27/2022,157.690002,157.940002,156.350006,156.529999,156.529999,208000
6/24/2022,157.880005,159.080002,157.300003,159.080002,159.080002,178800
6/23/2022,157.850006,158.610001,156.279999,157.520004,157.520004,176300
6/22/2022,156.929993,160,156.929993,159.139999,159.139999,166700
6/21/2022,157.320007,159.630005,157.320007,159.089996,159.089996,319700
6/17/2022,154.149994,154.440002,152.389999,153.949997,153.949997,397900
6/16/2022,156.440002,156.699997,153.520004,154.460007,154.460007,461500
6/15/2022,155.089996,157.429993,154.309998,156.75,156.75,211000
6/14/2022,155.5,156.179993,154.130005,155.160004,155.160004,265900
6/13/2022,157.600006,157.740005,155.139999,155.5,155.5,339400
6/10/2022,162.5,162.960007,161.289993,161.300003,161.300003,241400
6/9/2022,166.029999,166.990005,164.509995,164.509995,164.509995,126900
6/8/2022,166.449997,166.679993,164.990005,165.350006,165.350006,179600
6/7/2022,164.809998,166.419998,164.679993,166.25,166.25,192000
6/6/2022,167.279999,167.410004,165.320007,165.580002,165.580002,157600
6/3/2022,166.119995,166.119995,164.110001,164.809998,164.809998,261800
6/2/2022,169.160004,170.369995,168.169998,170.240005,170.240005,148300
6/1/2022,169.669998,169.869995,167.470001,168.699997,168.699997,194100
5/31/2022,167.210007,167.210007,165.5,166.369995,166.369995,253400
5/27/2022,165.419998,166.869995,165.240005,166.830002,166.830002,229400
5/26/2022,164,166.100006,163.699997,165.529999,165.529999,233300
5/25/2022,159.649994,161.880005,159.649994,161.029999,161.029999,256000
5/24/2022,160.440002,161.130005,159.679993,160.600006,160.600006,221600
5/23/2022,160.570007,162.270004,160.279999,161.350006,161.350006,250000
5/20/2022,159.190002,160.029999,156.179993,158.660004,158.660004,422600
5/19/2022,155.259995,157.119995,155.25,155.889999,155.889999,492700
5/18/2022,158.440002,158.759995,155.270004,155.479996,155.479996,341900
5/17/2022,159.130005,160.220001,158.919998,159.979996,159.979996,273500
5/16/2022,159.429993,160.020004,157.949997,159.210007,159.210007,201500
5/13/2022,159.949997,162.130005,159.630005,161.330002,161.330002,246200
5/12/2022,157.199997,159.699997,156.960007,158.539993,158.539993,517100
5/11/2022,161.449997,162.270004,157.050003,157.059998,157.059998,464200
5/10/2022,168.850006,169.699997,165.210007,166.449997,166.449997,317400
5/9/2022,170.490005,171.399994,168.25,168.470001,168.470001,366300
5/6/2022,173.080002,174.309998,171.460007,173.300003,173.300003,293400
5/5/2022,173.479996,173.830002,168.899994,169.929993,169.929993,331700
5/4/2022,172.020004,175.139999,170.699997,174.850006,174.850006,204700
5/3/2022,170.699997,172.740005,170.699997,172.059998,172.059998,163600
5/2/2022,170.369995,171,168.339996,170.690002,170.690002,178500
4/29/2022,172.889999,174.720001,170.770004,171,171,139200
4/28/2022,170.649994,173.820007,169.179993,172.970001,172.970001,298200
4/27/2022,167.5,169.899994,167.5,168.039993,168.039993,204300
4/26/2022,169.559998,170.630005,166.820007,166.820007,166.820007,293200
4/25/2022,169.979996,172.25,169.479996,172.160004,172.160004,185800
4/22/2022,172.470001,172.580002,169.350006,169.529999,169.529999,185600
4/21/2022,177.089996,177.429993,173.520004,173.669998,173.669998,189500
4/20/2022,175.690002,176.880005,174.970001,175.449997,175.449997,253600
4/19/2022,170,171.649994,169.710007,171.449997,171.449997,195400
4/18/2022,169.479996,170.889999,169.300003,170.270004,170.270004,281400
4/14/2022,169.300003,170.5,167.110001,167.259995,167.259995,196300
4/13/2022,166.809998,168.839996,166.809998,168.440002,168.440002,264400
4/12/2022,166.919998,168.119995,165.130005,165.729996,165.729996,452300
4/11/2022,169.740005,171.460007,168.800003,169.639999,169.639999,313400
4/8/2022,170,172.029999,169.580002,170.779999,170.779999,366400
4/7/2022,174.509995,175.550003,172.770004,174.490005,174.490005,257500
4/6/2022,176.300003,177.690002,175.509995,176.520004,176.520004,227800
4/5/2022,181.5,181.669998,177.5,177.660004,177.660004,242400
4/4/2022,181,183.130005,180.410004,182.580002,182.580002,261100
4/1/2022,180.309998,180.940002,178.729996,180.369995,180.369995,148500
3/31/2022,181.820007,182.339996,180.240005,180.25,180.25,230300
3/30/2022,182.25,182.710007,180.100006,180.619995,180.619995,179500
3/29/2022,183.740005,186,183.740005,184.809998,184.809998,393600
3/28/2022,178.270004,179.199997,177.130005,177.850006,177.850006,240100
3/25/2022,179.869995,180.399994,177.619995,178.429993,178.429993,231900
3/24/2022,180.080002,180.529999,178.759995,180.270004,180.270004,299900
3/23/2022,176.979996,178.610001,175.779999,175.779999,175.779999,419500
3/22/2022,171.800003,173.690002,171.360001,172.820007,172.820007,229100
3/21/2022,171.899994,172.960007,171.220001,171.800003,171.800003,233400
3/18/2022,170.970001,171.740005,169.889999,171.699997,171.699997,179000
3/17/2022,170.050003,172.139999,168.520004,171.740005,171.740005,300300
3/16/2022,169.880005,171.990005,168.770004,171.889999,171.889999,384300
3/15/2022,165.199997,166.320007,164.259995,165.929993,165.929993,388200
3/14/2022,162.5,163.350006,160.610001,161.089996,161.089996,389500
3/11/2022,160.740005,161.619995,158.169998,158.270004,158.270004,355800
3/10/2022,165.380005,165.380005,162.520004,164.429993,164.429993,392700
3/9/2022,164.210007,165.630005,162.800003,164.050003,164.050003,438800
3/8/2022,159.009995,159.990005,155.050003,156.339996,156.339996,739600
3/7/2022,163.759995,164.619995,160,160.169998,160.169998,569800
3/4/2022,170.839996,171.080002,169.089996,170.75,170.75,335200
3/3/2022,178.220001,178.479996,174.820007,176.089996,176.089996,289500
3/2/2022,177.070007,179.759995,177.070007,179.149994,179.149994,342100
3/1/2022,183.830002,185.100006,180.850006,181.710007,181.710007,305600
2/28/2022,184.470001,184.880005,181.649994,182.949997,182.949997,322000
2/25/2022,183.899994,185.729996,183.259995,185.380005,185.380005,228200
2/24/2022,177.020004,182.550003,176.679993,182.229996,182.229996,363100
2/23/2022,187.729996,188.589996,183.669998,183.839996,183.839996,242200
2/22/2022,187.039993,187.470001,184.399994,185.639999,185.639999,202300
2/18/2022,188.869995,189.289993,187.509995,188.970001,188.970001,183000
2/17/2022,188,188.529999,186.130005,186.539993,186.539993,192200
2/16/2022,190.110001,190.899994,189.210007,190.300003,190.300003,207000
2/15/2022,189.240005,190.059998,188.440002,189.399994,189.399994,227300
2/14/2022,190,190.5,187.830002,188.970001,188.970001,259600
2/11/2022,194.449997,196.199997,191.910004,192.710007,192.710007,230000
2/10/2022,195,197.300003,194.25,194.410004,194.410004,420900
2/9/2022,202.119995,203.949997,200.389999,201.369995,201.369995,342500
2/8/2022,200,200.729996,198.009995,200.320007,200.320007,288500
2/7/2022,198.149994,198.410004,196.529999,197.240005,197.240005,178000
2/4/2022,198.059998,198.240005,194.770004,196.880005,196.880005,267500
2/3/2022,199.979996,201.460007,199.240005,199.529999,199.529999,299100
2/2/2022,198.940002,199.929993,197.869995,199.660004,199.660004,243600
2/1/2022,195.25,196.729996,194.699997,196.429993,196.429993,333800
1/31/2022,196,198.720001,194.919998,198.449997,198.449997,418800
1/28/2022,192,193.360001,188.199997,193.130005,193.130005,274700
1/27/2022,192.470001,193.539993,189.289993,189.960007,189.960007,336900
1/26/2022,198.479996,198.520004,192.830002,194.169998,194.169998,537200
1/25/2022,195,198.770004,192.679993,197.009995,197.009995,433100
1/24/2022,195.399994,197.910004,192.940002,197.699997,197.699997,546500
1/21/2022,199.179993,200.949997,198.559998,199.770004,199.770004,363700
1/20/2022,203.570007,204.809998,201.229996,201.470001,201.470001,283000
1/19/2022,206.610001,206.699997,202.100006,202.419998,202.419998,562200
1/18/2022,209.100006,209.490005,207.190002,207.470001,207.470001,379600
1/14/2022,210.649994,211.240005,209.160004,210.690002,210.690002,267700
1/13/2022,211,213.740005,210.369995,211.369995,211.369995,547000
1/12/2022,205,207.660004,204.649994,206.610001,206.610001,511400
1/11/2022,201.300003,201.970001,199.550003,201.899994,201.899994,255500
1/10/2022,200.979996,201.139999,197.669998,200.350006,200.350006,380000
1/7/2022,200.679993,201.990005,198.720001,200.440002,200.440002,371000
1/6/2022,200.630005,200.800003,196.179993,199.75,199.75,422800
1/5/2022,199.800003,201.339996,196.850006,196.949997,196.949997,555700
1/4/2022,193.080002,201.429993,192.320007,199.190002,199.190002,1057300
1/3/2022,186.809998,187.460007,185.160004,186.289993,186.289993,352900
12/31/2021,184.449997,186.149994,184.339996,185.300003,185.300003,189900
12/30/2021,184.270004,184.729996,183.710007,184.080002,184.080002,123200
12/29/2021,184.259995,184.600006,182.850006,183.679993,183.679993,117800
12/28/2021,185.910004,186.369995,184.639999,184.75,184.75,113600
12/27/2021,184.009995,186.279999,184.009995,185.899994,185.899994,196900
12/23/2021,183.080002,184.309998,182.910004,183.779999,183.779999,167800
12/22/2021,180.059998,181.550003,180.059998,181.360001,181.360001,165900
12/21/2021,182.800003,183.729996,182.089996,182.820007,182.820007,180100
12/20/2021,181.559998,182.190002,180.110001,181.949997,181.949997,251500
12/17/2021,185.589996,185.740005,183.899994,184.039993,184.039993,382600
12/16/2021,187.869995,188.949997,187.139999,187.339996,187.339996,384300
12/15/2021,185.509995,187,184.369995,186.75,186.75,479100
12/14/2021,181,182.410004,179.220001,180.779999,180.779999,440500
12/13/2021,177.169998,177.520004,175.669998,176.119995,176.119995,583700
12/10/2021,182.039993,182.350006,180.589996,182.350006,182.350006,125500
12/9/2021,181,181.220001,180,180.770004,180.770004,186600
12/8/2021,183.449997,183.5,181.809998,182.479996,182.479996,265500
12/7/2021,186.520004,187.899994,185.899994,187.440002,187.440002,245100
12/6/2021,183.25,185.009995,182.389999,184.589996,184.589996,189600
12/3/2021,183.679993,184.399994,181.449997,182.460007,182.460007,194000
12/2/2021,179.660004,183.619995,179.419998,183.160004,183.160004,238100
12/1/2021,180.800003,182.779999,178.25,178.289993,178.289993,246700
11/30/2021,178.029999,178.330002,175.669998,177.850006,177.850006,331300
11/29/2021,178.710007,179.029999,177.020004,177.470001,177.470001,222000
11/26/2021,180.740005,181.149994,178.789993,179.830002,179.830002,171400
11/24/2021,184.899994,185.119995,183.509995,184.809998,184.809998,255500
11/23/2021,185.089996,185.580002,184.179993,185.059998,185.059998,182700
11/22/2021,186.119995,186.440002,184.559998,185.089996,185.089996,264200
11/19/2021,185.360001,186.300003,185.259995,185.960007,185.960007,197400
11/18/2021,186.149994,186.149994,183.860001,184.649994,184.649994,271700
11/17/2021,186,186.539993,184.729996,186.210007,186.210007,204200
11/16/2021,187,188.179993,186.899994,187.429993,187.429993,228700
11/15/2021,185.020004,185.460007,184.339996,184.389999,184.389999,177100
11/12/2021,181.899994,184.75,181.5,184.399994,184.399994,291100
11/11/2021,178.470001,179.330002,178.190002,179.029999,179.029999,122500
11/10/2021,177.449997,179.289993,176.720001,177.360001,177.360001,203000
11/9/2021,178.25,178.5,175.639999,176.320007,176.320007,222500
11/8/2021,179.520004,180.559998,179.149994,180.479996,180.479996,204300
11/5/2021,180.910004,181.179993,178.5,179.279999,179.279999,176500
11/4/2021,182,182.839996,180.600006,181.479996,181.479996,171300
11/3/2021,179.899994,181.360001,179.190002,181.070007,181.070007,163000
11/2/2021,180,180,177.740005,179.610001,179.610001,166500
11/1/2021,178.130005,179.979996,178.130005,179.979996,179.979996,219100
10/29/2021,176.199997,176.690002,175.619995,176.570007,176.570007,164800
10/28/2021,175.289993,176.479996,175.289993,176.479996,176.479996,181400
10/27/2021,174.809998,175.289993,174.009995,174.089996,174.089996,205500
10/26/2021,173.630005,174.789993,172.809998,173.199997,173.199997,145400
10/25/2021,172.809998,172.809998,171.880005,172.229996,172.229996,247100
10/22/2021,175,175.339996,172.779999,173.399994,173.399994,206700
10/21/2021,174,175.199997,173.800003,174.020004,174.020004,218700
10/20/2021,178.669998,178.669998,177.020004,177.75,177.75,161000
10/19/2021,178.809998,178.850006,178.089996,178.669998,178.669998,197800
10/18/2021,178,179,177.779999,178.550003,178.550003,207300
10/15/2021,175.509995,176.449997,174.789993,176.270004,176.270004,203800
10/14/2021,174.600006,175.589996,174.479996,175.509995,175.509995,157800
10/13/2021,175.949997,176.490005,174.660004,175.770004,175.770004,325600
10/12/2021,176.869995,177.570007,175.690002,177.130005,177.130005,250700
10/11/2021,175.380005,176.850006,174.869995,175.149994,175.149994,209100
10/8/2021,171.410004,172.460007,171.179993,171.970001,171.970001,153400
10/7/2021,169.100006,170,168.550003,169.470001,169.470001,212800
10/6/2021,166.539993,167.470001,165.330002,166.970001,166.970001,462600
10/5/2021,171.899994,172.940002,171.100006,172.139999,172.139999,184900
10/4/2021,175.160004,175.539993,171.169998,171.809998,171.809998,381700
10/1/2021,178.110001,178.259995,176.419998,177.619995,177.619995,241800
9/30/2021,180.679993,181.539993,177.75,177.75,177.75,403400
9/29/2021,185.130005,187.449997,183.779999,185.449997,185.449997,238600
9/28/2021,186.089996,186.399994,184.149994,184.850006,184.850006,197600
9/27/2021,185.080002,186.860001,185.009995,186.520004,186.520004,221600
9/24/2021,182.679993,183.229996,182,182.570007,182.570007,128700
9/23/2021,181.919998,182.990005,181.529999,182.789993,182.789993,206200
9/22/2021,181.699997,182.889999,180.75,181.589996,181.589996,248400
9/21/2021,180.399994,182.419998,180.309998,181.899994,181.899994,295400
9/20/2021,178.669998,178.669998,175.050003,176.710007,176.710007,363500
9/17/2021,181.509995,181.75,180.559998,180.949997,180.949997,155100
9/16/2021,181.070007,182.309998,180.509995,181.940002,181.940002,161600
9/15/2021,179.929993,181.889999,179.839996,181.710007,181.710007,257900
9/14/2021,180.220001,180.880005,178.660004,179.389999,179.389999,175800
9/13/2021,177.470001,178.570007,177.279999,178.460007,178.460007,173700
9/10/2021,180.029999,180.399994,176.119995,176.300003,176.300003,278200
9/9/2021,179.539993,180.940002,179.539993,180.070007,180.070007,173300
9/8/2021,181.5,181.5,179.179993,180,180,219900
9/7/2021,181,181.740005,180.660004,181.639999,181.639999,224300
9/3/2021,177.429993,179.279999,176.830002,179.270004,179.270004,279400
9/2/2021,176.309998,176.860001,175.470001,176.240005,176.240005,198800
9/1/2021,175.050003,176.970001,175.020004,176.210007,176.210007,204100
8/31/2021,173.610001,175.009995,173.610001,174.229996,174.229996,184400
8/30/2021,173.729996,173.729996,172.479996,172.860001,172.860001,134400
8/27/2021,172.039993,173.949997,171.949997,173.880005,173.880005,140300
8/26/2021,173.520004,173.779999,171.089996,171.589996,171.589996,175200
8/25/2021,172.399994,174.110001,172.080002,173.75,173.75,263300
8/24/2021,169.800003,171.580002,169.580002,171.020004,171.020004,308100
8/23/2021,166.869995,168.970001,166.279999,168.740005,168.740005,329900
8/20/2021,165.679993,165.75,163.910004,164.660004,164.660004,448000
8/19/2021,170.149994,171.410004,167.75,168.550003,168.550003,650600
8/18/2021,177.5,177.979996,175.529999,175.729996,175.729996,227300
8/17/2021,179.550003,179.550003,177.559998,178.169998,178.169998,213900
8/16/2021,179.570007,180.690002,177.809998,180.600006,180.600006,129800
8/13/2021,181.229996,181.369995,180.800003,181.339996,181.339996,93100
8/12/2021,181.009995,181.110001,180.199997,180.940002,180.940002,105600
8/11/2021,181.139999,181.470001,180.399994,181.380005,181.380005,133400
8/10/2021,179.550003,180.119995,178.240005,179.899994,179.899994,220400
8/9/2021,181.119995,181.410004,180.25,180.570007,180.570007,163300
8/6/2021,181.139999,181.509995,180.039993,180.720001,180.720001,183400
8/5/2021,182.520004,183.479996,182.089996,182.860001,182.860001,128800
8/4/2021,182.699997,183.75,181.220001,182.179993,182.179993,194600
8/3/2021,183.520004,185.990005,183.059998,185.949997,185.949997,246900
8/2/2021,182,182.75,181.139999,181.880005,181.880005,167500
7/30/2021,180.610001,181.080002,179.570007,179.839996,179.839996,147200
7/29/2021,180.839996,181.860001,180.490005,181.419998,181.419998,157400
7/28/2021,178.440002,180.240005,178.289993,179.869995,179.869995,143600
7/27/2021,179.059998,179.059998,177.710007,178.440002,178.440002,152700
7/26/2021,179.229996,179.779999,178.839996,179.5,179.5,155700
7/23/2021,179.139999,180.440002,178.660004,179.850006,179.850006,195900
7/22/2021,179.990005,180.190002,177.940002,177.990005,177.990005,321200
7/21/2021,178.179993,179.929993,178.179993,179.679993,179.679993,183200
7/20/2021,176.139999,178.369995,175.789993,178.119995,178.119995,152000
7/19/2021,176.679993,176.990005,174.029999,176.300003,176.300003,261100
7/16/2021,179.279999,179.279999,177.380005,178.130005,178.130005,195700
7/15/2021,178.710007,179.330002,178.259995,178.929993,178.929993,177800
7/14/2021,180.369995,180.990005,179.559998,180,180,230700
7/13/2021,178.990005,179.460007,178.339996,179.179993,179.179993,281900
7/12/2021,177.789993,179.410004,177.039993,178.899994,178.899994,176000
7/9/2021,177.660004,178.729996,177.649994,177.789993,177.789993,320700
7/8/2021,173.169998,174.630005,173.050003,174.229996,174.229996,189500
7/7/2021,175.770004,175.869995,174.570007,175.649994,175.649994,128300
7/6/2021,176.070007,176.470001,173.399994,174.929993,174.929993,288100
7/2/2021,176.389999,176.839996,175.839996,176.029999,176.029999,210300
7/1/2021,174.710007,175.580002,174.350006,175.479996,175.479996,181500
6/30/2021,175.479996,176.25,174.619995,174.839996,174.839996,313200
6/29/2021,176.399994,177.369995,176.399994,176.729996,176.729996,166900
6/28/2021,177.649994,177.800003,176.759995,177.070007,177.070007,209100
6/25/2021,177.990005,178.800003,177.789993,178.100006,178.100006,156100
6/24/2021,178.380005,178.380005,177.550003,177.669998,177.669998,164800
6/23/2021,176.369995,178.25,176.139999,177.710007,177.710007,611500
6/22/2021,180.059998,180.059998,178.830002,179.389999,179.389999,237900
6/21/2021,177,179.410004,176.5,178.880005,178.880005,284400
6/18/2021,177.889999,178.380005,176.309998,177.029999,177.029999,735000
6/17/2021,185,185.380005,184,185.199997,185.199997,277400
6/16/2021,183.929993,184.880005,183.100006,183.839996,183.839996,326000
6/15/2021,182.5,182.779999,181.679993,182.449997,182.449997,180900
6/14/2021,181,181,179.479996,180.589996,180.589996,189900
6/11/2021,180.740005,181.470001,180.509995,181.470001,181.470001,164500
6/10/2021,180.589996,180.759995,179.820007,180.179993,180.179993,194400
6/9/2021,180.029999,180.800003,179.869995,180.539993,180.539993,207400
6/8/2021,180.910004,181,179.389999,179.610001,179.610001,307100
6/7/2021,182.029999,182.25,180.110001,180.800003,180.800003,384400
6/4/2021,181.679993,182.660004,181.009995,182.410004,182.410004,386900
6/3/2021,177.300003,180.119995,177.029999,179.669998,179.669998,478800
6/2/2021,175.75,176.839996,175.490005,176.630005,176.630005,630300
6/1/2021,171.470001,172.75,171.029999,172.339996,172.339996,596500
5/28/2021,166.289993,166.779999,165.710007,165.979996,165.979996,160000
5/27/2021,165,166.470001,164.910004,165.550003,165.550003,248600
5/26/2021,162.830002,164.419998,162.779999,164.020004,164.020004,231900
5/25/2021,163,163.800003,161.630005,162.240005,162.240005,199500
5/24/2021,162.179993,162.979996,162.139999,162.779999,162.779999,236400
5/21/2021,161,161.309998,160.389999,161.160004,161.160004,211200
5/20/2021,159.320007,160.580002,159.210007,160.220001,160.220001,209300
5/19/2021,158.630005,159.550003,158.119995,159.289993,159.289993,250200
5/18/2021,160.460007,161.910004,160.320007,160.660004,160.660004,322500
5/17/2021,157.699997,159,157.429993,158.679993,158.679993,436100
5/14/2021,156,156.5,155.660004,155.850006,155.850006,315500
5/13/2021,153.860001,155.389999,153.119995,155.229996,155.229996,342600
5/12/2021,155.5,155.669998,153.149994,153.520004,153.520004,627500
5/11/2021,152.649994,152.649994,151.160004,152.240005,152.240005,431200
5/10/2021,155.330002,155.720001,154.710007,155.059998,155.059998,264100
5/7/2021,153.339996,153.720001,153.039993,153.649994,153.649994,162500
5/6/2021,153.240005,153.300003,151.869995,152.960007,152.960007,194200
5/5/2021,152.089996,152.289993,151.110001,151.419998,151.419998,250800
5/4/2021,151.509995,151.630005,150.25,150.589996,150.589996,266700
5/3/2021,151.479996,152.759995,151.339996,152.229996,152.229996,230900
4/30/2021,150.089996,151.600006,149.899994,150.770004,150.770004,394000
4/29/2021,153.5,153.770004,151.690002,152.429993,152.429993,377600
4/28/2021,153.199997,153.809998,152.830002,153.259995,153.259995,236100
4/27/2021,152.589996,153.169998,152.270004,152.809998,152.809998,490100
4/26/2021,154.309998,154.309998,153.490005,153.539993,153.539993,249600
4/23/2021,153.990005,155.589996,153.919998,154.990005,154.990005,233700
4/22/2021,155.5,155.580002,154.410004,154.779999,154.779999,227400
4/21/2021,153.5,155.580002,153.5,155.139999,155.139999,322400
4/20/2021,154.740005,154.809998,152.899994,154.100006,154.100006,317900
4/19/2021,157.960007,157.979996,155.929993,156.410004,156.410004,242300
4/16/2021,157.800003,157.899994,157.100006,157.570007,157.570007,162700
4/15/2021,156.979996,157.429993,156.5,157.309998,157.309998,179000
4/14/2021,156.25,156.880005,155.869995,156.220001,156.220001,172900
4/13/2021,155,155.789993,154.320007,155.770004,155.770004,220300
4/12/2021,154.910004,154.910004,153.899994,154.089996,154.089996,246300
4/9/2021,154.059998,154.449997,153.509995,154.279999,154.279999,181400
4/8/2021,154.350006,154.699997,152.889999,153.380005,153.380005,233700
4/7/2021,154.839996,155.740005,154.550003,154.699997,154.699997,216500
4/6/2021,153.100006,154.289993,153.039993,153.649994,153.649994,400300
4/5/2021,154.160004,155.839996,153.779999,155.380005,155.380005,300600
4/1/2021,153.600006,154.229996,153.039993,154.160004,154.160004,274500
3/31/2021,156.220001,156.470001,155.809998,156.059998,156.059998,289200
3/30/2021,153.630005,154.639999,153.380005,153.869995,153.869995,476000
3/29/2021,154,155.300003,153.529999,154.899994,154.899994,317200
3/26/2021,153,153.410004,152.089996,153.369995,153.369995,312200
3/25/2021,150,151.259995,149.119995,151.070007,151.070007,273800
3/24/2021,150.990005,151.380005,150.399994,150.669998,150.669998,344200
3/23/2021,153.050003,153.089996,151.100006,151.339996,151.339996,386900
3/22/2021,155.199997,155.199997,154.190002,154.479996,154.479996,451100
3/19/2021,158.710007,158.869995,157.110001,158.580002,158.580002,425100
3/18/2021,157.429993,159.550003,157,157.710007,157.710007,824300
3/17/2021,152.75,154.190002,152.070007,153.639999,153.639999,319100
3/16/2021,152,152.669998,151.679993,152.100006,152.100006,284800
3/15/2021,153,153.660004,152.259995,152.899994,152.899994,394000
3/12/2021,149.770004,150.710007,149.570007,150.529999,150.529999,295500
3/11/2021,150.149994,151.289993,149,150.360001,150.360001,498400
3/10/2021,151.070007,152.169998,150.25,151.880005,151.880005,472100
3/9/2021,150.860001,152.449997,150.559998,151.539993,151.539993,349700
3/8/2021,148.570007,150.399994,147.990005,148.229996,148.229996,474500
3/5/2021,148.050003,148.970001,145.949997,148.520004,148.520004,313600
3/4/2021,148.639999,149.279999,145.550003,146.850006,146.850006,353400
3/3/2021,150,150.190002,148.679993,148.830002,148.830002,377900
3/2/2021,149.539993,150.179993,148.759995,149.210007,149.210007,337100
3/1/2021,149.210007,149.970001,148.449997,149.339996,149.339996,347900
2/26/2021,150.119995,150.330002,146.800003,147.929993,147.929993,592900
2/25/2021,152.270004,152.270004,148.479996,149.259995,149.259995,446200
2/24/2021,150.990005,152.919998,150.729996,152.449997,152.449997,419300
2/23/2021,151.5,153.190002,149.839996,152.729996,152.729996,304000
2/22/2021,153.550003,153.919998,152.130005,152.440002,152.440002,291300
2/19/2021,153.710007,154.210007,153.149994,153.550003,153.550003,231800
2/18/2021,153.139999,153.789993,152.289993,153.449997,153.449997,490500
2/17/2021,156.210007,156.789993,155.369995,156.529999,156.529999,279400
2/16/2021,158.699997,159.259995,156.169998,156.479996,156.479996,468500
2/12/2021,159.660004,161.309998,159.660004,160.490005,160.490005,418000
2/11/2021,162.589996,162.589996,158.25,158.940002,158.940002,466600
2/10/2021,156,163.369995,155.610001,161.559998,161.559998,1415500
2/9/2021,153.429993,154.410004,152.860001,154,154,326800
2/8/2021,152.289993,152.970001,152.179993,152.929993,152.929993,309400
2/5/2021,149.970001,151.179993,149.259995,150.860001,150.860001,329800
2/4/2021,148.210007,148.880005,147.5,148.020004,148.020004,250800
2/3/2021,147.309998,148.559998,146.850006,148.070007,148.070007,462000
2/2/2021,142.660004,143.369995,141.720001,143.119995,143.119995,447900
2/1/2021,140.160004,140.729996,139.289993,140.410004,140.410004,362900
1/29/2021,142.190002,142.190002,140.039993,140.520004,140.520004,342600
1/28/2021,142.820007,143.990005,142.350006,143.300003,143.300003,275100
1/27/2021,144.690002,144.899994,142.240005,142.639999,142.639999,407500
1/26/2021,146,146.509995,145.550003,145.979996,145.979996,285800
1/25/2021,147.949997,147.949997,145.25,146.720001,146.720001,369500
1/22/2021,148.199997,148.589996,147.610001,147.949997,147.949997,393400
1/21/2021,151.229996,152.710007,150.399994,151.339996,151.339996,469100
1/20/2021,148.729996,150.039993,148.160004,149.979996,149.979996,256000
1/19/2021,148.449997,148.740005,147.449997,148.130005,148.130005,368800
1/15/2021,148.660004,149.149994,147.389999,148.410004,148.410004,390600
1/14/2021,151.479996,152.270004,151.229996,151.339996,151.339996,314900
1/13/2021,150.880005,151,150.029999,150.649994,150.649994,387500
1/12/2021,152.080002,152.080002,150.649994,151.75,151.75,618700
1/11/2021,153.199997,154.210007,151.820007,153.389999,153.389999,335500
1/8/2021,153.600006,154.059998,152.110001,152.850006,152.850006,418100
1/7/2021,151.660004,152.699997,151.509995,152.669998,152.669998,345000
1/6/2021,152.710007,154.169998,152.479996,153.529999,153.529999,296100
1/5/2021,151.910004,153.399994,151.75,153.399994,153.399994,231800
1/4/2021,155.809998,155.809998,152.020004,153.289993,153.289993,315600
12/31/2020,154.410004,154.839996,153.970001,154.570007,154.570007,160000
12/30/2020,154.509995,155.210007,154.039993,154.089996,154.089996,193500
12/29/2020,155,155.199997,152.899994,153.339996,153.339996,265100
12/28/2020,153.100006,153.419998,152.229996,152.600006,152.600006,215600
12/24/2020,150.179993,151.130005,150.179993,150.470001,150.470001,150200
12/23/2020,150.639999,151.350006,150.199997,151.160004,151.160004,317900
12/22/2020,151.449997,151.75,150.220001,150.770004,150.770004,181800
12/21/2020,150.399994,151.770004,149.389999,151.770004,151.770004,257100
12/18/2020,153.75,154.070007,152.839996,153.770004,153.770004,327300
12/17/2020,156.119995,156.300003,154.539993,154.639999,154.639999,222100
12/16/2020,154.160004,155.479996,153,155.089996,155.089996,266100
12/15/2020,153.470001,153.470001,151.899994,152.850006,152.850006,285300
12/14/2020,154,154.899994,153.470001,153.580002,153.580002,494700
12/11/2020,149.619995,151.740005,149.039993,151,151,708800
12/10/2020,142.759995,143.190002,141.899994,143.070007,143.070007,319900
12/9/2020,140.940002,142.5,139.669998,140.880005,140.880005,190300
12/8/2020,138.320007,138.979996,138.100006,138.740005,138.740005,130700
12/7/2020,138.600006,138.820007,137.699997,138.149994,138.149994,150100
12/4/2020,137.899994,138.850006,137.75,138.279999,138.279999,137800
12/3/2020,137.770004,138.160004,136.75,136.850006,136.850006,171500
12/2/2020,136.050003,136.710007,135.770004,136.339996,136.339996,197900
12/1/2020,135.600006,136.460007,135.179993,136.139999,136.139999,289200
11/30/2020,135.919998,138.5,134.449997,134.460007,134.460007,355200
11/27/2020,140.100006,141.160004,140.039993,140.160004,140.160004,77300
11/25/2020,140.970001,141.539993,140.029999,141.309998,141.309998,231400
11/24/2020,143.899994,144.529999,143.179993,143.839996,143.839996,188300
11/23/2020,143.75,143.960007,143.220001,143.259995,143.259995,238000
11/20/2020,142.300003,143.039993,142.070007,142.130005,142.130005,113000
11/19/2020,140.699997,141.080002,140.130005,140.919998,140.919998,140000
11/18/2020,141.850006,143.160004,141.270004,141.830002,141.830002,228600
11/17/2020,142.820007,143.479996,142.059998,142.740005,142.740005,150100
11/16/2020,143.389999,144.649994,143.369995,144.110001,144.110001,130200
11/13/2020,140.289993,141.850006,140.139999,141.619995,141.619995,136200
11/12/2020,141.330002,141.330002,139.600006,139.690002,139.690002,99500
11/11/2020,142.710007,143.320007,142.119995,142.479996,142.479996,176000
11/10/2020,139.699997,141.479996,139.639999,139.940002,139.940002,217800
11/9/2020,140.300003,141.710007,139.639999,139.639999,139.639999,245600
11/6/2020,136.699997,138.199997,136.110001,137.199997,137.199997,165100
11/5/2020,135.860001,137.399994,135.550003,137.070007,137.070007,155900
11/4/2020,134.729996,134.910004,134.009995,134.160004,134.160004,185100
11/3/2020,134.460007,136.820007,134.460007,135.869995,135.869995,147600
11/2/2020,133.059998,133.649994,132.660004,133.240005,133.240005,146200
10/30/2020,130.880005,131.520004,130.539993,131.289993,131.289993,116000
10/29/2020,131.929993,132.350006,130.410004,131.350006,131.350006,140600
10/28/2020,131.130005,131.210007,129.279999,130.070007,130.070007,229500
10/27/2020,133.039993,133.039993,132.259995,132.460007,132.460007,144800
10/26/2020,133.119995,133.360001,132.360001,132.850006,132.850006,142000
10/23/2020,133.820007,133.820007,132.800003,133.279999,133.279999,59900
10/22/2020,133.389999,133.559998,132.649994,133.419998,133.419998,70800
10/21/2020,133,133.789993,132.860001,133.139999,133.139999,162900
10/20/2020,130.880005,131.779999,130.660004,131.309998,131.309998,138300
10/19/2020,131.789993,131.789993,130.619995,130.880005,130.880005,106800
10/16/2020,130.649994,131.710007,130.589996,130.639999,130.639999,144400
10/15/2020,130.639999,131.220001,130.380005,131.169998,131.169998,123000
10/14/2020,131.639999,131.970001,131.309998,131.529999,131.529999,105100
10/13/2020,132.839996,133.130005,132.419998,132.649994,132.649994,104600
10/12/2020,132,132.220001,131.619995,131.800003,131.800003,144400
10/9/2020,132.220001,132.360001,131.970001,132.080002,132.080002,107800
10/8/2020,132.929993,133.139999,132.470001,132.949997,132.949997,99300
10/7/2020,132.679993,132.679993,132.009995,132.429993,132.429993,115900
10/6/2020,131.929993,132.630005,131.160004,131.259995,131.259995,256600
10/5/2020,131.479996,132.179993,131.25,132.100006,132.100006,236200
10/2/2020,130.979996,132.130005,130.880005,131.729996,131.729996,98800
10/1/2020,132.630005,132.830002,132.020004,132.429993,132.429993,130800
9/30/2020,132.649994,133.259995,132.119995,132.440002,132.440002,155900
9/29/2020,135.070007,135.75,134.190002,134.25,134.25,136500
9/28/2020,135.039993,136.309998,135.039993,136.009995,136.009995,219000
9/25/2020,132.600006,133.119995,132,132.970001,132.970001,189300
9/24/2020,131.380005,132.690002,130.910004,131.850006,131.850006,199500
9/23/2020,134.520004,135.160004,133.190002,133.289993,133.289993,199100
9/22/2020,131.410004,132.300003,131.169998,132.25,132.25,144600
9/21/2020,132.300003,132.300003,130.210007,131.220001,131.220001,306300
9/18/2020,134.479996,135.309998,134.25,134.25,134.25,128000
9/17/2020,133.800003,135.419998,133.559998,135,135,132400
9/16/2020,134.550003,134.759995,134.009995,134.029999,134.029999,125800
9/15/2020,134.479996,134.779999,133.910004,134.029999,134.029999,100900
9/14/2020,133.899994,134.350006,133.429993,133.770004,133.770004,193000
9/11/2020,131.130005,131.600006,130.539993,131.339996,131.339996,155800
9/10/2020,130.460007,131.350006,130.050003,130.179993,130.179993,133700
9/9/2020,130.320007,131.470001,130.320007,131.130005,131.130005,179900
9/8/2020,131,132.100006,130.600006,131.229996,131.229996,227300
9/4/2020,133,133.75,130.929993,133.169998,133.169998,203000
9/3/2020,131.619995,131.949997,129.589996,129.949997,129.949997,173300
9/2/2020,131.690002,132.619995,131.570007,132.520004,132.520004,123000
9/1/2020,131.800003,132.460007,131.089996,132.300003,132.300003,143900
8/31/2020,133.119995,133.119995,131.779999,132.429993,132.429993,183300
8/28/2020,134.029999,134.289993,133.570007,133.919998,133.919998,100300
8/27/2020,134.169998,134.229996,133.169998,133.559998,133.559998,165000
8/26/2020,134.399994,135.070007,133.990005,134.889999,134.889999,138300
8/25/2020,135,135.199997,134.139999,134.789993,134.789993,126800
8/24/2020,134.649994,135.449997,134.369995,134.759995,134.759995,154300
8/21/2020,133.220001,133.910004,133.110001,133.830002,133.830002,122600
8/20/2020,133.729996,134.25,133.600006,134.089996,134.089996,118000
8/19/2020,136.229996,136.5,135.139999,135.210007,135.210007,111900
8/18/2020,136.220001,136.580002,135.869995,136.080002,136.080002,121200
8/17/2020,134.949997,135.559998,134.570007,135.529999,135.529999,158800
8/14/2020,133.669998,134.490005,133.600006,134.220001,134.220001,110700
8/13/2020,136.25,136.339996,135.279999,135.639999,135.639999,158100
8/12/2020,136.869995,136.910004,136.160004,136.440002,136.440002,251600
8/11/2020,135,135.169998,133.559998,133.75,133.75,287700
8/10/2020,130,130.639999,129.960007,130.570007,130.570007,174000
8/7/2020,130,130,129.210007,129.960007,129.960007,214900
8/6/2020,128.580002,129.5,127.599998,128.339996,128.339996,248000
8/5/2020,125.669998,125.830002,124.559998,124.82,124.82,172600
8/4/2020,122.93,123.550003,122.220001,122.910004,122.910004,162400
8/3/2020,119.620003,121.129997,119.510002,120.940002,120.940002,240700
7/31/2020,120,120.220001,118.660004,119.339996,119.339996,271900
7/30/2020,122,122.660004,121.209999,122.459999,122.459999,186100
7/29/2020,123.379997,124.199997,123.050003,123.989998,123.989998,224800
7/28/2020,126,126.019997,125.220001,125.459999,125.459999,161800
7/27/2020,126.839996,128.050003,126.620003,127.57,127.57,149600
7/24/2020,125.370003,126.150002,125.050003,125.209999,125.209999,124000
7/23/2020,125.970001,126.949997,125.699997,125.860001,125.860001,138800
7/22/2020,125.760002,126.389999,125.489998,126.260002,126.260002,104800
7/21/2020,127.230003,127.339996,126.169998,126.269997,126.269997,153000
7/20/2020,127.18,127.639999,126.919998,127.279999,127.279999,145600
7/17/2020,127.080002,127.330002,126.540001,127.059998,127.059998,137000
7/16/2020,127.260002,127.260002,126.080002,126.489998,126.489998,212400
7/15/2020,127.82,128.149994,126.93,127.330002,127.330002,201500
7/14/2020,125.150002,126.629997,125.150002,126.43,126.43,191900
7/13/2020,126.660004,126.660004,124.82,125.050003,125.050003,218200
7/10/2020,123.949997,125.050003,123.57,124.970001,124.970001,198700
7/9/2020,125.07,125.07,122.900002,123.830002,123.830002,168200
7/8/2020,125.489998,125.489998,124.669998,125.410004,125.410004,179700
7/7/2020,126.010002,126.440002,124.959999,124.959999,124.959999,184200
7/6/2020,127.160004,127.400002,126.330002,126.980003,126.980003,285700
7/2/2020,127.199997,127.529999,126.139999,126.389999,126.389999,326500
7/1/2020,124.760002,125.040001,124.029999,124.139999,124.139999,255100
6/30/2020,125.510002,126.120003,124.870003,125.629997,125.629997,222100
6/29/2020,126.470001,127,125.93,126.889999,126.889999,242500
6/26/2020,127.910004,127.910004,125.900002,126.160004,126.160004,229700
6/25/2020,126.449997,127.800003,126.010002,127.769997,127.769997,192000
6/24/2020,129.399994,129.419998,127,127.800003,127.800003,433600
6/23/2020,130.169998,130.309998,128.970001,129.089996,129.089996,244800
6/22/2020,127.93,128.330002,127.18,128.130005,128.130005,124600
6/19/2020,129,129.089996,127.5,127.790001,127.790001,138800
6/18/2020,128.880005,129.119995,128.479996,129.119995,129.119995,114200
6/17/2020,129.679993,129.990005,128.839996,128.880005,128.880005,157300
6/16/2020,130.699997,131.270004,128.559998,129.600006,129.600006,169000
6/15/2020,126.169998,128.220001,125.25,127.400002,127.400002,188000
6/12/2020,128.149994,128.360001,126.489998,127.82,127.82,241600
6/11/2020,127.379997,127.889999,123.830002,124.440002,124.440002,266800
6/10/2020,131.149994,131.809998,130.429993,131.009995,131.009995,158400
6/9/2020,130,131.089996,129.619995,130.589996,130.589996,195800
6/8/2020,131.860001,132.130005,130.789993,132.070007,132.070007,189500
6/5/2020,130.119995,132,130.119995,131.100006,131.100006,238900
6/4/2020,127.510002,129.080002,127.510002,128.160004,128.160004,196900
6/3/2020,128.050003,129.25,127.580002,128.729996,128.729996,237000
6/2/2020,126.389999,127.120003,125.949997,126.480003,126.480003,237900
6/1/2020,124.900002,126.839996,124.75,126.449997,126.449997,233500
5/29/2020,125.940002,126.25,124.709999,126.010002,126.010002,269100
5/28/2020,129.190002,129.320007,128.110001,128.360001,128.360001,341700
5/27/2020,126.410004,126.970001,124.839996,126.809998,126.809998,330200
5/26/2020,123.050003,124.360001,122.709999,124.110001,124.110001,378700
5/22/2020,117.989998,118.059998,117.120003,117.559998,117.559998,131800
5/21/2020,118.870003,119.129997,117.519997,117.949997,117.949997,132300
5/20/2020,119.839996,120.330002,119.269997,119.82,119.82,162600
5/19/2020,119.290001,119.68,118.220001,118.220001,118.220001,220600
5/18/2020,118.459999,119.75,118.099998,119.470001,119.470001,236300
5/15/2020,116.199997,117.349998,116.110001,116.889999,116.889999,179100
5/14/2020,116,117.059998,115.190002,116.949997,116.949997,255300
5/13/2020,119.830002,119.830002,117.010002,117.760002,117.760002,340500
5/12/2020,121.540001,122.400002,120.050003,120.169998,120.169998,355200
5/11/2020,123.220001,123.870003,122.959999,123.620003,123.620003,179100
5/8/2020,121.980003,123.550003,121.959999,123.099998,123.099998,216200
5/7/2020,121.449997,122.199997,121.230003,121.519997,121.519997,146700
5/6/2020,123.449997,123.449997,121.43,121.580002,121.580002,131400
5/5/2020,122.529999,122.879997,121.779999,121.959999,121.959999,124900
5/4/2020,120.25,120.940002,119.82,120.699997,120.699997,189500
5/1/2020,121.639999,122.230003,121.010002,121.120003,121.120003,183200
4/30/2020,124.900002,125.07,122.970001,123.589996,123.589996,265300
4/29/2020,127.660004,128.789993,127.139999,127.860001,127.860001,171100
4/28/2020,126.230003,126.93,125.470001,125.489998,125.489998,195700
4/27/2020,123.75,124.419998,123.25,124.199997,124.199997,160300
4/24/2020,122.75,122.790001,121.690002,122.559998,122.559998,114100
4/23/2020,122.370003,123.269997,121.669998,121.68,121.68,156100
4/22/2020,122.139999,122.139999,121.110001,121.43,121.43,181700
4/21/2020,121.449997,121.980003,120.410004,120.669998,120.669998,221700
4/20/2020,122.68,123.169998,121.639999,121.709999,121.709999,176700
4/17/2020,124.959999,124.959999,123.519997,124.610001,124.610001,180900
4/16/2020,122,122.099998,120.510002,121.830002,121.830002,195400
4/15/2020,124.059998,124.059998,122.629997,122.989998,122.989998,302200
4/14/2020,124.769997,125.25,123.699997,124.639999,124.639999,297800
4/13/2020,121.75,121.800003,120.18,121.260002,121.260002,154300
4/9/2020,124.209999,124.839996,123.089996,123.410004,123.410004,216300
4/8/2020,123.169998,123.919998,121.75,123.540001,123.540001,238900
4/7/2020,125.57,125.669998,121.900002,121.900002,121.900002,239600
4/6/2020,120,122.809998,119.400002,122.410004,122.410004,328200
4/3/2020,114.809998,115.690002,113.980003,115,115,337100
4/2/2020,115.910004,118.120003,115.720001,117.82,117.82,292600
4/1/2020,118,119.330002,116.5,116.709999,116.709999,398100
3/31/2020,120.199997,122.160004,119.550003,119.949997,119.949997,356600
3/30/2020,124.419998,125.290001,123,125.220001,125.220001,274400
3/27/2020,125.099998,129.25,125.010002,127.239998,127.239998,329700
3/26/2020,122.019997,126.559998,122.019997,126.339996,126.339996,377300
3/25/2020,121.639999,123.199997,118.459999,121.290001,121.290001,486900
3/24/2020,114.029999,116.970001,112.519997,116.349998,116.349998,407400
3/23/2020,113.720001,114.410004,108.610001,111.099998,111.099998,487900
3/20/2020,120,121.849998,116.459999,116.459999,116.459999,317000
3/19/2020,118.120003,120.410004,116.959999,118.230003,118.230003,481000
3/18/2020,115.870003,119.279999,112.040001,116.07,116.07,579800
3/17/2020,115.610001,119.709999,113.699997,118.889999,118.889999,743300
3/16/2020,110,112.510002,108.010002,108.5,108.5,409400
3/13/2020,117.18,117.269997,111.589996,116.230003,116.230003,448700
3/12/2020,118.779999,118.779999,111.480003,112.199997,112.199997,536300
3/11/2020,125.160004,126.230003,122.610001,122.790001,122.790001,565500
3/10/2020,126.290001,127,123.239998,126.989998,126.989998,462100
3/9/2020,122.599998,125.690002,122.239998,122.790001,122.790001,435200
3/6/2020,127.419998,127.879997,126.199997,127.110001,127.110001,292200
3/5/2020,129.5,129.830002,128.800003,129.199997,129.199997,401900
3/4/2020,129.5,131.990005,129,131.850006,131.850006,244600
3/3/2020,132.449997,133.990005,130.020004,130.949997,130.949997,289000
3/2/2020,131,132.979996,130.139999,132.710007,132.710007,264200
2/28/2020,128.850006,130.800003,128,130.75,130.75,367900
2/27/2020,133.160004,133.729996,131.229996,131.399994,131.399994,304700
2/26/2020,135.199997,136.279999,134.619995,135.130005,135.130005,316800
2/25/2020,136.259995,136.259995,133.300003,134.029999,134.029999,317700
2/24/2020,135.119995,135.309998,134.009995,134.490005,134.490005,398800
2/21/2020,139.300003,139.809998,138.639999,139.039993,139.039993,150600
2/20/2020,138.630005,139.410004,138.240005,139.110001,139.110001,241000
2/19/2020,137.630005,138.679993,137.520004,137.839996,137.839996,315200
2/18/2020,139.059998,140,138.580002,139.380005,139.380005,275800
2/14/2020,140.600006,140.990005,139.759995,140.149994,140.149994,139200
2/13/2020,141,141.460007,140.779999,141.100006,141.100006,135900
2/12/2020,142,142.660004,141.949997,142.429993,142.429993,99100
2/11/2020,141.990005,142.339996,141.699997,142.110001,142.110001,151200
2/10/2020,140.929993,141.899994,140.710007,141.279999,141.279999,135800
2/7/2020,142.990005,143.160004,142.259995,142.339996,142.339996,98000
2/6/2020,144,144.389999,143.059998,143.850006,143.850006,204600
2/5/2020,142.199997,142.199997,141.460007,141.720001,141.720001,104100
2/4/2020,140.740005,141.630005,140.529999,140.949997,140.949997,208100
2/3/2020,138.679993,139.880005,138.550003,138.919998,138.919998,160600
1/31/2020,140.050003,140.600006,138.509995,138.839996,138.839996,281600
1/30/2020,140.5,141.190002,139.729996,141.080002,141.080002,111400
1/29/2020,142.580002,142.580002,141.550003,141.550003,141.550003,116900
1/28/2020,141.669998,142.589996,141.669998,142.580002,142.580002,234500
1/27/2020,141.440002,141.539993,140.679993,141.059998,141.059998,186800
1/24/2020,143.490005,143.759995,142.240005,142.759995,142.759995,204900
1/23/2020,142.449997,143.100006,142.100006,143.059998,143.059998,169400
1/22/2020,141.929993,142.229996,141.220001,141.559998,141.559998,170800
1/21/2020,141.75,142.960007,141.399994,142.380005,142.380005,166200
1/17/2020,139.679993,140.059998,139.470001,140.039993,140.039993,91100
1/16/2020,139.440002,140.100006,139.369995,140.100006,140.100006,104000
1/15/2020,139.610001,139.820007,139.279999,139.360001,139.360001,138200
1/14/2020,140.419998,140.710007,140.020004,140.369995,140.369995,109400
1/13/2020,140.160004,140.649994,139.720001,140.559998,140.559998,114100
1/10/2020,140,140.160004,139.470001,139.729996,139.729996,172000
1/9/2020,141.160004,141.160004,140.110001,140.509995,140.509995,116200
1/8/2020,140.910004,141.580002,140.600006,141.160004,141.160004,117700
1/7/2020,142.130005,142.429993,141.360001,141.509995,141.509995,123500
1/6/2020,139.460007,140.889999,139.460007,140.770004,140.770004,150200
1/3/2020,141.229996,141.419998,140.300003,140.75,140.75,174900
1/2/2020,142,142.350006,141.529999,142.240005,142.240005,118100
,,,,,,
,,,,,,
,,,,,,
,,,,,,
,,,,,,
,,,,,,
,,,,,,
,,,,,,
,,,,,,
,,,,,,
,,,,,,
,,,,,,
,,,,,,
,,,,,,
,,,,,,
,,,,,,
,,,,,,
,,,,,,
,,,,,,
,,,,,,
,,,,,,
,,,,,,
,,,,,,
,,,,,,
,,,,,,
,,,,,,
,,,,,,
,,,,,,
,,,,,,
,,,,,,
,,,,,,
,,,,,,
,,,,,,
,,,,,,
,,,,,,
,,,,,,
,,,,,,
,,,,,,
,,,,,,
,,,,,,
,,,,,,
,,,,,,
,,,,,,
,,,,,,
,,,,,,
,,,,,,
,,,,,,
,,,,,,
,,,,,,
,,,,,,
,,,,,,
,,,,,,
,,,,,,
,,,,,,
,,,,,,
,,,,,,
,,,,,,
,,,,,,
,,,,,,
,,,,,,
,,,,,,
,,,,,,
,,,,,,
,,,,,,
,,,,,,
,,,,,,
,,,,,,
,,,,,,
,,,,,,
,,,,,,
,,,,,,
,,,,,,
,,,,,,
,,,,,,
,,,,,,
,,,,,,
,,,,,,
,,,,,,
,,,,,,
,,,,,,
,,,,,,
,,,,,,
,,,,,,
,,,,,,
,,,,,,
,,,,,,
,,,,,,
,,,,,,
,,,,,,
,,,,,,
,,,,,,
,,,,,,
,,,,,,
,,,,,,
,,,,,,
,,,,,,
,,,,,,
,,,,,,
,,,,,,
,,,,,,
,,,,,,
,,,,,,
,,,,,,
,,,,,,
,,,,,,
,,,,,,
,,,,,,
,,,,,,
,,,,,,
,,,,,,
,,,,,,
,,,,,,
,,,,,,
,,,,,,
,,,,,,
,,,,,,
,,,,,,
,,,,,,
,,,,,,
,,,,,,
,,,,,,
,,,,,,
,,,,,,
,,,,,,
,,,,,,
,,,,,,
,,,,,,
,,,,,,
,,,,,,
,,,,,,
,,,,,,
,,,,,,
,,,,,,
,,,,,,
,,,,,,
,,,,,,
,,,,,,
,,,,,,
,,,,,,
,,,,,,
,,,,,,
,,,,,,
,,,,,,
,,,,,,
,,,,,,
,,,,,,
,,,,,,
,,,,,,
,,,,,,
,,,,,,
,,,,,,
,,,,,,
,,,,,,
,,,,,,
,,,,,,
,,,,,,
,,,,,,
,,,,,,
,,,,,,
,,,,,,
,,,,,,
,,,,,,
,,,,,,
,,,,,,
,,,,,,
,,,,,,
,,,,,,
,,,,,,
,,,,,,
,,,,,,
,,,,,,
,,,,,,
,,,,,,
,,,,,,
,,,,,,
,,,,,,
,,,,,,
,,,,,,
,,,,,,
,,,,,,
,,,,,,
,,,,,,
,,,,,,
,,,,,,
,,,,,,
,,,,,,
,,,,,,
,,,,,,
,,,,,,
,,,,,,
,,,,,,
,,,,,,
,,,,,,
,,,,,,
,,,,,,
,,,,,,
,,,,,,
,,,,,,
,,,,,,
,,,,,,
,,,,,,
,,,,,,
,,,,,,
,,,,,,
,,,,,,
,,,,,,
,,,,,,
,,,,,,
,,,,,,
,,,,,,
,,,,,,
,,,,,,
,,,,,,
,,,,,,
,,,,,,
,,,,,,
,,,,,,
,,,,,,
,,,,,,
,,,,,,
,,,,,,
,,,,,,
,,,,,,
,,,,,,
,,,,,,
,,,,,,
,,,,,,
,,,,,,
,,,,,,
,,,,,,
,,,,,,
,,,,,,
,,,,,,
,,,,,,
,,,,,,
,,,,,,
,,,,,,
,,,,,,
,,,,,,
,,,,,,
,,,,,,
,,,,,,
,,,,,,
,,,,,,
,,,,,,
,,,,,,
,,,,,,
,,,,,,
,,,,,,
,,,,,,
,,,,,,
,,,,,,
,,,,,,
,,,,,,
,,,,,,
,,,,,,
,,,,,,
,,,,,,
,,,,,,
,,,,,,
,,,,,,
,,,,,,
,,,,,,
,,,,,,
,,,,,,
,,,,,,
,,,,,,
,,,,,,
,,,,,,
,,,,,,
,,,,,,
,,,,,,
,,,,,,
,,,,,,
,,,,,,
,,,,,,
,,,,,,
,,,,,,
,,,,,,
,,,,,,
,,,,,,
,,,,,,
,,,,,,
,,,,,,
,,,,,,
,,,,,,
,,,,,,
,,,,,,
,,,,,,
,,,,,,
,,,,,,
,,,,,,
,,,,,,
,,,,,,
,,,,,,
,,,,,,
,,,,,,
,,,,,,
,,,,,,
,,,,,,
,,,,,,
,,,,,,
,,,,,,
,,,,,,
,,,,,,
,,,,,,
,,,,,,
,,,,,,
,,,,,,
,,,,,,
,,,,,,
,,,,,,
,,,,,,
,,,,,,
,,,,,,
,,,,,,
,,,,,,
,,,,,,
,,,,,,
,,,,,,
,,,,,,
,,,,,,
,,,,,,
,,,,,,
,,,,,,
,,,,,,
,,,,,,
,,,,,,
,,,,,,
,,,,,,
,,,,,,
,,,,,,
,,,,,,
,,,,,,
,,,,,,
,,,,,,
,,,,,,
,,,,,,
,,,,,,
,,,,,,
,,,,,,
,,,,,,
,,,,,,
,,,,,,
,,,,,,
,,,,,,
,,,,,,
,,,,,,
,,,,,,
,,,,,,
,,,,,,
,,,,,,
,,,,,,
,,,,,,
,,,,,,
,,,,,,
,,,,,,
,,,,,,
,,,,,,
,,,,,,
,,,,,,
,,,,,,
,,,,,,
,,,,,,
,,,,,,
,,,,,,
,,,,,,
,,,,,,
,,,,,,
,,,,,,
,,,,,,
,,,,,,
,,,,,,
,,,,,,
,,,,,,
,,,,,,
,,,,,,
,,,,,,
,,,,,,
,,,,,,
,,,,,,
,,,,,,
,,,,,,
,,,,,,
,,,,,,
,,,,,,
,,,,,,
,,,,,,
,,,,,,
,,,,,,
,,,,,,
,,,,,,
,,,,,,
,,,,,,
,,,,,,
,,,,,,
,,,,,,
,,,,,,
,,,,,,
,,,,,,
,,,,,,
,,,,,,
,,,,,,
,,,,,,
,,,,,,
,,,,,,
,,,,,,
,,,,,,
,,,,,,
,,,,,,
,,,,,,
,,,,,,
